comp_id,first_name,last_name,gender,age,occupation,phone,email,address
COMP001,Rohan,Singh,Male,30,Broker,+91-9936220143,rohan.singh@outlook.com,"No. 79, Sadashiva Nagar Nelamangala Galli, Sadashiva Nagar Nelamangala, Nelamangala, Bengaluru Rural, Karnataka"
COMP002,Meena,Reddy,Female,28,Software Engineer,+91-8227481784,meena.reddy@outlook.com,"No. 250, Neelasandra Main Road, Neelasandra, Bengaluru, Bengaluru Urban, Karnataka"
COMP003,Sanjay,Gill,Male,23,Pharmacist,+91-7817678868,sanjay.gill@hotmail.com,"No. 19, Horamavu Agara Main Road, Horamavu Agara, Bengaluru, Bengaluru Urban, Karnataka"
COMP004,Sharda,Prasad,Female,48,Security Supervisor,+91-7327724535,sharda.prasad@yahoo.com,"No. 388, Lingarajapuram Station Road, Lingarajapuram, Bengaluru, Bengaluru Urban, Karnataka"
COMP005,Ajay,Joshi,Male,29,Supervisor,+91-7743240302,ajay.joshi@outlook.com,"No. 241, Surathkal Cross Road, Surathkal, Mangaluru, Dakshina Kannada, Karnataka"
COMP006,Priya,Verma,Female,80,Security Supervisor,+91-8196275533,priya.verma@gmail.com,"No. 129, Mailoor Lane, Mailoor, Bidar, Bidar, Karnataka"
COMP007,Anjali,Yadav,Female,43,Peon,+91-8446511062,anjali.yadav@yahoo.com,"No. 186, Cox Town Junction Road, Cox Town, Bengaluru, Bengaluru Urban, Karnataka"
COMP008,Arjun,Reddy,Male,69,Station Master,+91-6442180051,arjun.reddy@gmail.com,"No. 76, Shivaji Nagar Vijayapura Junction Road, Shivaji Nagar Vijayapura, Vijayapura, Vijayapura, Karnataka"
COMP009,Sanjay,Das,Male,77,Plumber,+91-9550762049,sanjay.das@hotmail.com,"No. 113, Yeshwanthpur Ring Road, Yeshwanthpur, Bengaluru, Bengaluru Urban, Karnataka"
COMP010,Geeta,Kumar,Female,68,Broker,+91-7651695031,geeta.kumar@gmail.com,"No. 268, Ganga Nagar 3th Galli, Ganga Nagar, Bengaluru, Bengaluru Urban, Karnataka"
COMP011,Pooja,Gill,Female,24,Waiter,+91-9958570695,pooja.gill@gmail.com,"No. 268, Saraswatpur Dharwad 1th Lane, Saraswatpur Dharwad, Dharwad, Dharwad, Karnataka"
COMP012,Ritu,Verma,Female,62,Call Center Executive,+91-9287357760,ritu.verma@yahoo.com,"No. 245, Chikkalasandra 2th Ring Road, Chikkalasandra, Bengaluru, Bengaluru Urban, Karnataka"
COMP013,Rajesh,Choudhury,Male,56,Receptionist,+91-9207055328,rajesh.choudhury@hotmail.com,"No. 55, Vidyaranyapuram Mysuru 4th Station Road, Vidyaranyapuram Mysuru, Mysuru, Mysuru, Karnataka"
COMP014,Manoj,Chawla,Male,34,Content Writer,+91-9569325515,manoj.chawla@hotmail.com,"No. 158, Chikkalasandra Bypass Road, Chikkalasandra, Bengaluru, Bengaluru Urban, Karnataka"
COMP015,Sneha,Kumar,Female,72,Gym Trainer,+91-6746124356,sneha.kumar@gmail.com,"No. 200, Kammanahalli Main Road, Kammanahalli, Bengaluru, Bengaluru Urban, Karnataka"
COMP016,Rajesh,Kumar,Male,48,Blacksmith,+91-9023679462,rajesh.kumar@gmail.com,"No. 328, Jalahalli Lane, Jalahalli, Bengaluru, Bengaluru Urban, Karnataka"
COMP017,Preeti,Sharma,Female,30,Gym Trainer,+91-8175666369,preeti.sharma@gmail.com,"No. 400, Chickpet 4th Bazaar Street, Chickpet, Bengaluru, Bengaluru Urban, Karnataka"
COMP018,Ritu,Nair,Female,43,Goldsmith,+91-7570028939,ritu.nair@outlook.com,"No. 311, Jigani 3th Main Road, Jigani, Bengaluru, Bengaluru Urban, Karnataka"
COMP019,Ajay,Nair,Male,54,Software Engineer,+91-8155531525,ajay.nair@outlook.com,"No. 194, Narayanpur Dharwad 4th Church Road, Narayanpur Dharwad, Dharwad, Dharwad, Karnataka"
COMP020,Anjali,Banerjee,Female,79,Singer,+91-9884237278,anjali.banerjee@hotmail.com,"No. 265, Bannimantap Bypass Road, Bannimantap, Mysuru, Mysuru, Karnataka"
COMP021,Rohan,Patel,Male,36,Shopkeeper,+91-9680943829,rohan.patel@yahoo.com,"No. 378, Indrali Double Road, Indrali, Udupi, Udupi, Karnataka"
COMP022,Arjun,Patel,Male,73,Content Writer,+91-7288371094,arjun.patel@gmail.com,"No. 22, Galipur Galli, Galipur, Kolar, Kolar, Karnataka"
COMP023,Ritu,Gill,Female,38,Astrologer,+91-8499225074,ritu.gill@gmail.com,"No. 178, Gandhinagar Ballari Bypass Road, Gandhinagar Ballari, Ballari, Ballari, Karnataka"
COMP024,Neha,Rao,Female,80,Carpenter,+91-9306313812,neha.rao@outlook.com,"No. 314, Gandhi Nagar Shivamogga Station Road, Gandhi Nagar Shivamogga, Shivamogga, Shivamogga, Karnataka"
COMP025,Ritu,Joshi,Female,49,Truck Driver,+91-7473445968,ritu.joshi@outlook.com,"No. 285, Arekere Link Road, Arekere, Bengaluru, Bengaluru Urban, Karnataka"
COMP026,Sneha,Mehta,Female,27,Government Servant,+91-9814985773,sneha.mehta@gmail.com,"No. 51, Shahapur Belagavi Galli, Shahapur Belagavi, Belagavi, Belagavi, Karnataka"
COMP027,Amit,Mehta,Male,70,Graphic Designer,+91-9807235834,amit.mehta@outlook.com,"No. 296, RT Nagar 4th Junction Road, RT Nagar, Bengaluru, Bengaluru Urban, Karnataka"
COMP028,Rahul,Mishra,Male,38,Dietician,+91-9740649869,rahul.mishra@hotmail.com,"No. 208, Banjara Nagar Link Road, Banjara Nagar, Vijayapura, Vijayapura, Karnataka"
COMP029,Rajesh,Joshi,Male,39,Banker,+91-8322624835,rajesh.joshi@hotmail.com,"No. 86, Vidyanagar Hubli Cross Road, Vidyanagar Hubli, Hubballi, Dharwad, Karnataka"
COMP030,Aarav,Kumar,Male,64,Journalist,+91-8970110850,aarav.kumar@hotmail.com,"No. 392, Chidri Lane, Chidri, Bidar, Bidar, Karnataka"
COMP031,Suresh,Das,Male,57,Government Servant,+91-6683226180,suresh.das@outlook.com,"No. 443, Harlur Road Lane, Harlur Road, Bengaluru, Bengaluru Urban, Karnataka"
COMP032,Preeti,Prasad,Female,77,Architect,+91-9195547846,preeti.prasad@outlook.com,"No. 247, Jayalakshmipuram 2th Double Road, Jayalakshmipuram, Mysuru, Mysuru, Karnataka"
COMP033,Rajesh,Rao,Male,37,Sweeper,+91-9230883409,rajesh.rao@hotmail.com,"No. 5, Austin Town 5th Temple Road, Austin Town, Bengaluru, Bengaluru Urban, Karnataka"
COMP034,Kavita,Gill,Female,32,Software Engineer,+91-8184276820,kavita.gill@yahoo.com,"No. 392, Mailoor Lane, Mailoor, Bidar, Bidar, Karnataka"
COMP035,Kavita,Prasad,Female,69,Architect,+91-9101144743,kavita.prasad@yahoo.com,"No. 274, Sarakki Lake Road, JP Nagar, Bengaluru, Bengaluru Urban, Karnataka"
COMP036,Sanjay,Singh,Male,36,Architect,+91-7772143379,sanjay.singh@hotmail.com,"No. 170, 27th Main Road HSR, HSR Layout, Bengaluru, Bengaluru Urban, Karnataka"
COMP037,Vijay,Verma,Male,35,Vegetable Vendor,+91-6518230973,vijay.verma@hotmail.com,"No. 378, Padmanabhanagar Bazaar Street, Padmanabhanagar, Bengaluru, Bengaluru Urban, Karnataka"
COMP038,Vikram,Rao,Male,65,Security Guard,+91-7463360952,vikram.rao@outlook.com,"No. 185, RT Nagar 4th Junction Road, RT Nagar, Bengaluru, Bengaluru Urban, Karnataka"
COMP039,Vikram,Singh,Male,33,Washerman,+91-9312170074,vikram.singh@yahoo.com,"No. 395, Hampankatta Highway, Hampankatta, Mangaluru, Dakshina Kannada, Karnataka"
COMP040,Arjun,Joshi,Male,49,Shopkeeper,+91-8996067712,arjun.joshi@outlook.com,"No. 376, Gandhi Nagar Dharwad Bazaar Street, Gandhi Nagar Dharwad, Dharwad, Dharwad, Karnataka"
COMP041,Aarav,Nair,Male,40,Business Owner,+91-8844261137,aarav.nair@outlook.com,"No. 83, College Road Hosapete Main Road, College Road Hosapete, Hosapete, Vijayanagara, Karnataka"
COMP042,Karan,Kumar,Male,46,Professor,+91-8547578636,karan.kumar@outlook.com,"No. 338, Bagalur Main Road, Yelahanka, Bengaluru, Bengaluru Urban, Karnataka"
COMP043,Deepa,Yadav,Female,61,Astrologer,+91-7636150818,deepa.yadav@yahoo.com,"No. 249, Hennur Ring Road, Hennur, Bengaluru, Bengaluru Urban, Karnataka"
COMP044,Suresh,Verma,Male,54,Courier Delivery Boy,+91-9657236092,suresh.verma@hotmail.com,"No. 240, Church Street, Brigade Road, Bengaluru, Bengaluru Urban, Karnataka"
COMP045,Anil,Prasad,Male,65,Taxi Driver,+91-8706578025,anil.prasad@gmail.com,"No. 273, Gottigere 5th Galli, Gottigere, Bengaluru, Bengaluru Urban, Karnataka"
COMP046,Deepa,Mehta,Female,51,Gym Trainer,+91-7595577567,deepa.mehta@hotmail.com,"No. 86, Banaswadi Galli, Banaswadi, Bengaluru, Bengaluru Urban, Karnataka"
COMP047,Harish,Nair,Male,50,Clerk,+91-7559959846,harish.nair@outlook.com,"No. 289, JP Nagar 8th Phase Cross Road, JP Nagar 8th Phase, Bengaluru, Bengaluru Urban, Karnataka"
COMP048,Deepak,Prasad,Male,77,Graphic Designer,+91-8943795593,deepak.prasad@outlook.com,"No. 110, Bommasandra 1th Junction Road, Bommasandra, Bengaluru, Bengaluru Urban, Karnataka"
COMP049,Aaradhya,Das,Female,76,Secretary,+91-7041282235,aaradhya.das@yahoo.com,"No. 371, Brigade Road, Brigade Road, Bengaluru, Bengaluru Urban, Karnataka"
COMP050,Swati,Joshi,Female,49,Veterinary Doctor,+91-6537500738,swati.joshi@hotmail.com,"No. 446, Varthur 2th Double Road, Varthur, Bengaluru, Bengaluru Urban, Karnataka"
COMP051,Sandip,Sharma,Male,58,Cobbler,+91-9053536169,sandip.sharma@hotmail.com,"No. 259, Keerthi Nagar Double Road, Keerthi Nagar, Vijayapura, Vijayapura, Karnataka"
COMP052,Arjun,Reddy,Male,36,Vegetable Vendor,+91-7105030571,arjun.reddy@yahoo.com,"No. 287, Siddaganga Extension Junction Road, Siddaganga Extension, Tumakuru, Tumakuru, Karnataka"
COMP053,Ramesh,Nair,Male,59,Contractor,+91-7595224651,ramesh.nair@hotmail.com,"No. 188, Amaragol Main Road, Amaragol, Hubballi, Dharwad, Karnataka"
COMP054,Deepa,Banerjee,Female,40,Blacksmith,+91-6713886492,deepa.banerjee@outlook.com,"No. 388, Cooke Town Main Road, Cooke Town, Bengaluru, Bengaluru Urban, Karnataka"
COMP055,Suresh,Verma,Male,33,Fisherman,+91-7880614025,suresh.verma@yahoo.com,"No. 268, Kempegowdanagar Ramanagara Highway, Kempegowdanagar Ramanagara, Ramanagara, Ramanagara, Karnataka"
COMP056,Sharda,Jadav,Female,57,Homemaker,+91-6395202624,sharda.jadav@gmail.com,"No. 199, Outer Ring Road Hebbal, Hebbal, Bengaluru, Bengaluru Urban, Karnataka"
COMP057,Ritu,Singh,Female,19,Professor,+91-9239038515,ritu.singh@hotmail.com,"No. 365, Ncb Colony 4th Station Road, Ncb Colony, Hosapete, Vijayanagara, Karnataka"
COMP058,Amit,Patel,Male,77,Call Center Executive,+91-8331336295,amit.patel@gmail.com,"No. 450, Kadirenahalli Ring Road, Kadirenahalli, Bengaluru, Bengaluru Urban, Karnataka"
COMP059,Aaradhya,Prasad,Female,78,Pharmacist,+91-7186039662,aaradhya.prasad@yahoo.com,"No. 79, Shivaji Nagar Vijayapura Junction Road, Shivaji Nagar Vijayapura, Vijayapura, Vijayapura, Karnataka"
COMP060,Kavita,Gill,Female,39,Musician,+91-7215883751,kavita.gill1@yahoo.com,"No. 81, Shastri Ward Temple Road, Shastri Ward, Yadgir, Yadgir, Karnataka"
COMP061,Sunita,Prasad,Female,52,Carpenter,+91-7387784449,sunita.prasad@outlook.com,"No. 399, Frazer Town Cross Road, Frazer Town, Bengaluru, Bengaluru Urban, Karnataka"
COMP062,Suresh,Kumar,Male,29,Student,+91-8665200718,suresh.kumar@hotmail.com,"No. 95, Lalbagh Mangaluru Galli, Lalbagh Mangaluru, Mangaluru, Dakshina Kannada, Karnataka"
COMP063,Swati,Jadav,Female,26,Delivery Partner,+91-7249992622,swati.jadav@yahoo.com,"No. 444, Gandhi Nagar Dharwad Bazaar Street, Gandhi Nagar Dharwad, Dharwad, Dharwad, Karnataka"
COMP064,Meena,Rao,Female,74,Photographer,+91-9407336755,meena.rao@gmail.com,"No. 56, Ganesh Nagar Bidar Link Road, Ganesh Nagar Bidar, Bidar, Bidar, Karnataka"
COMP065,Preeti,Verma,Female,74,Photographer,+91-9903791487,preeti.verma@outlook.com,"No. 86, MCC B Block 4th Church Road, MCC B Block, Davanagere, Davanagere, Karnataka"
COMP066,Kavita,Gill,Female,76,Electrician,+91-7460515853,kavita.gill@outlook.com,"No. 13, Super Market Bazaar Street, Super Market, Kalaburagi, Kalaburagi, Karnataka"
COMP067,Ajay,Chawla,Male,75,Tailor,+91-9036717076,ajay.chawla@gmail.com,"No. 363, Chidri Lane, Chidri, Bidar, Bidar, Karnataka"
COMP068,Renu,Gill,Female,78,Delivery Partner,+91-9501388117,renu.gill@gmail.com,"No. 158, Gokul Road 5th Station Road, Gokul Road, Hubballi, Dharwad, Karnataka"
COMP069,Preeti,Choudhury,Female,58,Plumber,+91-6890704486,preeti.choudhury@hotmail.com,"No. 112, Bilekahalli Highway, Bilekahalli, Bengaluru, Bengaluru Urban, Karnataka"
COMP070,Preeti,Reddy,Female,46,Chartered Accountant,+91-6256580160,preeti.reddy@gmail.com,"No. 430, Keerthi Nagar 4th Church Road, Keerthi Nagar, Vijayapura, Vijayapura, Karnataka"
COMP071,Meena,Gupta,Female,21,Sales Executive,+91-9912665597,meena.gupta@outlook.com,"No. 48, 100 Feet Road Indiranagar, Indiranagar, Bengaluru, Bengaluru Urban, Karnataka"
COMP072,Meena,Mishra,Female,75,Watchman,+91-6780418342,meena.mishra@yahoo.com,"No. 56, BTM 2nd Stage 16th Main, BTM Layout, Bengaluru, Bengaluru Urban, Karnataka"
COMP073,Ramesh,Gill,Male,77,Dentist,+91-9635931556,ramesh.gill@hotmail.com,"No. 313, Dasarahalli Temple Road, Dasarahalli, Bengaluru, Bengaluru Urban, Karnataka"
COMP074,Rahul,Mehta,Male,18,Carpenter,+91-6477264038,rahul.mehta@yahoo.com,"No. 328, Marathahalli Bridge Road, Marathahalli, Bengaluru, Bengaluru Urban, Karnataka"
COMP075,Rahul,Das,Male,68,Pilot,+91-8530637601,rahul.das@outlook.com,"No. 345, Lakshmipuram Station Road, Lakshmipuram, Mysuru, Mysuru, Karnataka"
COMP076,Swati,Verma,Female,59,Business Owner,+91-9148848905,swati.verma@outlook.com,"No. 275, College Road Hosapete 2th Lane, College Road Hosapete, Hosapete, Vijayanagara, Karnataka"
COMP077,Vikram,Chawla,Male,61,Station Master,+91-8018335161,vikram.chawla@gmail.com,"No. 362, Neelasandra 3th Ring Road, Neelasandra, Bengaluru, Bengaluru Urban, Karnataka"
COMP078,Priya,Das,Female,44,Shopkeeper,+91-9838351302,priya.das@gmail.com,"No. 260, Brahmpur Main Road, Brahmpur, Kalaburagi, Kalaburagi, Karnataka"
COMP079,Ramesh,Yadav,Male,27,Painter,+91-8975718896,ramesh.yadav@yahoo.com,"No. 371, Thanisandra Bazaar Street, Thanisandra, Bengaluru, Bengaluru Urban, Karnataka"
COMP080,Ajay,Nair,Male,63,Travel Agent,+91-6096504056,ajay.nair1@outlook.com,"No. 296, Velankani Drive, Electronic City, Bengaluru, Bengaluru Urban, Karnataka"
COMP081,Deepa,Banerjee,Female,30,Painter,+91-8234112065,deepa.banerjee@yahoo.com,"No. 180, Galipur Galli, Galipur, Kolar, Kolar, Karnataka"
COMP082,Kiran,Kumar,Female,78,Dentist,+91-7138500903,kiran.kumar@gmail.com,"No. 201, Navanagar Church Road, Navanagar, Hubballi, Dharwad, Karnataka"
COMP083,Sandip,Chawla,Male,58,Veterinary Doctor,+91-9638765974,sandip.chawla@yahoo.com,"No. 417, Basavanagudi Galli, Basavanagudi, Bengaluru, Bengaluru Urban, Karnataka"
COMP084,Anita,Rao,Female,37,Physiotherapist,+91-9491823193,anita.rao@outlook.com,"No. 250, Jewargi Road Main Road, Jewargi Road, Kalaburagi, Kalaburagi, Karnataka"
COMP085,Rajesh,Jadav,Male,25,Postman,+91-9417611873,rajesh.jadav@gmail.com,"No. 273, Ejipura Galli, Ejipura, Bengaluru, Bengaluru Urban, Karnataka"
COMP086,Sneha,Chawla,Female,44,Journalist,+91-7593385747,sneha.chawla@yahoo.com,"No. 340, Mathikere Club Road, Mathikere, Bengaluru, Bengaluru Urban, Karnataka"
COMP087,Vinay,Jadav,Male,25,Goldsmith,+91-9304345658,vinay.jadav@outlook.com,"No. 331, Ambalpady Galli, Ambalpady, Udupi, Udupi, Karnataka"
COMP088,Rajesh,Mehta,Male,70,Business Owner,+91-6764264282,rajesh.mehta@outlook.com,"No. 368, Vidyagiri Main Road, Vidyagiri, Dharwad, Dharwad, Karnataka"
COMP089,Sunita,Chawla,Female,18,Potter,+91-9880990591,sunita.chawla@outlook.com,"No. 121, 14th Main Road HSR, HSR Layout, Bengaluru, Bengaluru Urban, Karnataka"
COMP090,Babita,Nair,Female,58,Cabin Crew,+91-9442115834,babita.nair@outlook.com,"No. 69, Sarjapur Road Cross Road, Sarjapur Road, Bengaluru, Bengaluru Urban, Karnataka"
COMP091,Rajesh,Sharma,Male,27,Priest,+91-9911888696,rajesh.sharma@hotmail.com,"No. 218, Cantonment Ballari 2th Lane, Cantonment Ballari, Ballari, Ballari, Karnataka"
COMP092,Sneha,Mishra,Female,32,Plumber,+91-9658254539,sneha.mishra@hotmail.com,"No. 58, Kadri Highway, Kadri, Mangaluru, Dakshina Kannada, Karnataka"
COMP093,Sunita,Kumar,Female,64,Call Center Executive,+91-8408047906,sunita.kumar@outlook.com,"No. 176, BTM Layout 80 Feet Road, BTM Layout, Bengaluru, Bengaluru Urban, Karnataka"
COMP094,Ramesh,Rao,Male,50,Artist,+91-8497209775,ramesh.rao@gmail.com,"No. 297, Jayanagar Shivamogga Bypass Road, Jayanagar Shivamogga, Shivamogga, Shivamogga, Karnataka"
COMP095,Vinay,Verma,Male,60,Professor,+91-6205821280,vinay.verma@gmail.com,"No. 303, Jalahalli Lane, Jalahalli, Bengaluru, Bengaluru Urban, Karnataka"
COMP096,Ajay,Mishra,Male,69,Waiter,+91-8721509958,ajay.mishra@hotmail.com,"No. 395, Vidyanagar Hubli Cross Road, Vidyanagar Hubli, Hubballi, Dharwad, Karnataka"
COMP097,Anjali,Rao,Female,64,Washerman,+91-7273671133,anjali.rao@yahoo.com,"No. 350, Kulshekar 3th Bypass Road, Kulshekar, Mangaluru, Dakshina Kannada, Karnataka"
COMP098,Swati,Das,Female,27,Call Center Executive,+91-9094696096,swati.das@hotmail.com,"No. 172, Chamrajpet Cross Road, Chamrajpet, Bengaluru, Bengaluru Urban, Karnataka"
COMP099,Kiran,Singh,Female,34,Security Supervisor,+91-9462675693,kiran.singh@gmail.com,"No. 426, Karthik Nagar Road, Marathahalli, Bengaluru, Bengaluru Urban, Karnataka"
COMP100,Aarav,Reddy,Male,24,Call Center Executive,+91-6637206058,aarav.reddy@yahoo.com,"No. 363, Kadugodi Junction Road, Kadugodi, Bengaluru, Bengaluru Urban, Karnataka"
COMP101,Rajesh,Gill,Male,26,Watchman,+91-7862496924,rajesh.gill@outlook.com,"No. 83, Kadirenahalli Ring Road, Kadirenahalli, Bengaluru, Bengaluru Urban, Karnataka"
COMP102,Rohan,Verma,Male,42,Milkman,+91-8928109236,rohan.verma@gmail.com,"No. 277, Murugeshpalya Temple Road, Murugeshpalya, Bengaluru, Bengaluru Urban, Karnataka"
COMP103,Deepa,Gill,Female,59,Sales Executive,+91-9710524816,deepa.gill@gmail.com,"No. 137, Derebail Bazaar Street, Derebail, Mangaluru, Dakshina Kannada, Karnataka"
COMP104,Sunil,Nair,Male,54,Software Engineer,+91-9447802367,sunil.nair@gmail.com,"No. 275, Shastri Ward 1th Highway, Shastri Ward, Yadgir, Yadgir, Karnataka"
COMP105,Meena,Choudhury,Female,43,Mechanic,+91-6383872259,meena.choudhury@yahoo.com,"No. 357, Austin Town 5th Temple Road, Austin Town, Bengaluru, Bengaluru Urban, Karnataka"
COMP106,Anita,Mishra,Female,49,Chartered Accountant,+91-9711754053,anita.mishra@hotmail.com,"No. 19, Green Glen Layout Road, Bellandur, Bengaluru, Bengaluru Urban, Karnataka"
COMP107,Priya,Banerjee,Female,68,Driver,+91-9186468159,priya.banerjee@gmail.com,"No. 251, Kaggadasapura Ring Road, Kaggadasapura, Bengaluru, Bengaluru Urban, Karnataka"
COMP108,Ramesh,Gill,Male,20,Photographer,+91-7069806808,ramesh.gill@gmail.com,"No. 305, Malpe Club Road, Malpe, Udupi, Udupi, Karnataka"
COMP109,Rajesh,Mehta,Male,45,Clerk,+91-9395187753,rajesh.mehta@gmail.com,"No. 73, Chickpet Cross Road, Chickpet, Bengaluru, Bengaluru Urban, Karnataka"
COMP110,Neha,Mishra,Female,53,Chef,+91-9251763180,neha.mishra@gmail.com,"No. 46, Peenya Temple Road, Peenya, Bengaluru, Bengaluru Urban, Karnataka"
COMP111,Jyoti,Jadav,Female,62,Civil Engineer,+91-7124216576,jyoti.jadav@gmail.com,"No. 179, Ejipura Galli, Ejipura, Bengaluru, Bengaluru Urban, Karnataka"
COMP112,Aaradhya,Prasad,Female,33,Painter,+91-6996895462,aaradhya.prasad@gmail.com,"No. 58, New BEL Road Lane, New BEL Road, Bengaluru, Bengaluru Urban, Karnataka"
COMP113,Ramesh,Jadav,Male,29,Delivery Partner,+91-6032268410,ramesh.jadav@yahoo.com,"No. 403, Cox Town Junction Road, Cox Town, Bengaluru, Bengaluru Urban, Karnataka"
COMP114,Ramesh,Yadav,Male,25,Advocate,+91-7753163730,ramesh.yadav@hotmail.com,"No. 193, Ganga Nagar Station Road, Ganga Nagar, Bengaluru, Bengaluru Urban, Karnataka"
COMP115,Rajesh,Jadav,Male,55,Priest,+91-6819431769,rajesh.jadav@yahoo.com,"No. 66, Saraswathipuram 3th Highway, Saraswathipuram, Mysuru, Mysuru, Karnataka"
COMP116,Vinay,Verma,Male,35,Business Owner,+91-6841386766,vinay.verma@yahoo.com,"No. 284, Keerthi Nagar 4th Church Road, Keerthi Nagar, Vijayapura, Vijayapura, Karnataka"
COMP117,Rajesh,Reddy,Male,72,Travel Agent,+91-9824404824,rajesh.reddy@yahoo.com,"No. 294, Commercial Street Bazaar Street, Commercial Street, Bengaluru, Bengaluru Urban, Karnataka"
COMP118,Manoj,Verma,Male,20,Artist,+91-6438604076,manoj.verma@hotmail.com,"No. 68, Kammasandra 4th Link Road, Kammasandra, Bengaluru, Bengaluru Urban, Karnataka"
COMP119,Kavita,Patel,Female,59,Shopkeeper,+91-6437870478,kavita.patel@hotmail.com,"No. 405, Sahakara Nagar Bazaar Street, Sahakara Nagar, Bengaluru, Bengaluru Urban, Karnataka"
COMP120,Preeti,Sharma,Female,73,Cobbler,+91-6365276652,preeti.sharma1@gmail.com,"No. 377, Saraswathipuram 3th Highway, Saraswathipuram, Mysuru, Mysuru, Karnataka"
COMP121,Karan,Mishra,Male,74,Electrician,+91-6340367571,karan.mishra@outlook.com,"No. 277, JP Nagar 7th Phase Link Road, JP Nagar 7th Phase, Bengaluru, Bengaluru Urban, Karnataka"
COMP122,Ramesh,Chawla,Male,73,Cyber Cafe Owner,+91-7773854034,ramesh.chawla@gmail.com,"No. 364, Gopalagowda Extension Galli, Gopalagowda Extension, Shivamogga, Shivamogga, Karnataka"
COMP123,Preeti,Gill,Female,41,Dietician,+91-6180319011,preeti.gill@yahoo.com,"No. 78, Malpe Club Road, Malpe, Udupi, Udupi, Karnataka"
COMP124,Karan,Sharma,Male,36,Taxi Driver,+91-7447010885,karan.sharma@outlook.com,"No. 297, Keshwapur Highway, Keshwapur, Hubballi, Dharwad, Karnataka"
COMP125,Meena,Jadav,Female,55,Yoga Instructor,+91-9458372328,meena.jadav@yahoo.com,"No. 146, Bannimantap Bypass Road, Bannimantap, Mysuru, Mysuru, Karnataka"
COMP126,Neha,Gill,Female,77,Delivery Partner,+91-8117971195,neha.gill@hotmail.com,"No. 190, Kathriguppe Highway, Kathriguppe, Bengaluru, Bengaluru Urban, Karnataka"
COMP127,Vikram,Prasad,Male,63,Farmer,+91-8914951097,vikram.prasad@hotmail.com,"No. 80, Singasandra 3th Station Road, Singasandra, Bengaluru, Bengaluru Urban, Karnataka"
COMP128,Harish,Yadav,Male,39,Courier Delivery Boy,+91-8429951594,harish.yadav@gmail.com,"No. 21, Ashok Nagar Tumkur Bypass Road, Ashok Nagar Tumkur, Tumakuru, Tumakuru, Karnataka"
COMP129,Harish,Singh,Male,37,Student,+91-9623361577,harish.singh@yahoo.com,"No. 43, Velankani Drive, Electronic City, Bengaluru, Bengaluru Urban, Karnataka"
COMP130,Sunita,Yadav,Female,43,Painter,+91-9369931833,sunita.yadav@outlook.com,"No. 180, Jayalakshmipuram Main Road, Jayalakshmipuram, Mysuru, Mysuru, Karnataka"
COMP131,Preeti,Prasad,Female,23,Mason,+91-9744178748,preeti.prasad@gmail.com,"No. 107, Murugeshpalya Temple Road, Murugeshpalya, Bengaluru, Bengaluru Urban, Karnataka"
COMP132,Swati,Yadav,Female,39,Goldsmith,+91-9049457711,swati.yadav@hotmail.com,"No. 284, Wilson Garden 5th Bypass Road, Wilson Garden, Bengaluru, Bengaluru Urban, Karnataka"
COMP133,Priya,Choudhury,Female,71,Broker,+91-8472713661,priya.choudhury@outlook.com,"No. 92, Gokul Road Galli, Gokul Road, Hubballi, Dharwad, Karnataka"
COMP134,Anjali,Sharma,Female,25,Pharmacist,+91-9907558646,anjali.sharma@gmail.com,"No. 263, Lalbagh Mangaluru Galli, Lalbagh Mangaluru, Mangaluru, Dakshina Kannada, Karnataka"
COMP135,Rohan,Joshi,Male,55,Mechanic,+91-7381124932,rohan.joshi@gmail.com,"No. 100, Infactor Colony Junction Road, Infactor Colony, Ballari, Ballari, Karnataka"
COMP136,Suresh,Gill,Male,66,Chef,+91-8886366058,suresh.gill@gmail.com,"No. 266, Jeevanbheemanagar Club Road, Jeevanbheemanagar, Bengaluru, Bengaluru Urban, Karnataka"
COMP137,Ritu,Jadav,Female,44,Clerk,+91-7112186855,ritu.jadav@gmail.com,"No. 236, Gokul Road Galli, Gokul Road, Hubballi, Dharwad, Karnataka"
COMP138,Suresh,Kumar,Male,77,Teacher,+91-9361495913,suresh.kumar@gmail.com,"No. 66, Bommasandra 1th Junction Road, Bommasandra, Bengaluru, Bengaluru Urban, Karnataka"
COMP139,Arjun,Choudhury,Male,26,Barber,+91-7947104410,arjun.choudhury@gmail.com,"No. 61, Gopalagowda Extension Galli, Gopalagowda Extension, Shivamogga, Shivamogga, Karnataka"
COMP140,Priya,Gupta,Female,37,Yoga Instructor,+91-6779291308,priya.gupta@outlook.com,"No. 179, Gachinakatti Colony Church Road, Gachinakatti Colony, Vijayapura, Vijayapura, Karnataka"
COMP141,Neha,Yadav,Female,67,Potter,+91-7508757917,neha.yadav@gmail.com,"No. 110, Sadashivanagar Temple Road, Sadashivanagar, Bengaluru, Bengaluru Urban, Karnataka"
COMP142,Ritu,Chawla,Female,29,Actor,+91-6133221911,ritu.chawla@yahoo.com,"No. 391, Ambalpady Galli, Ambalpady, Udupi, Udupi, Karnataka"
COMP143,Kavita,Prasad,Female,64,Driver,+91-6312639452,kavita.prasad@hotmail.com,"No. 439, Sanjaynagar Double Road, Sanjaynagar, Bengaluru, Bengaluru Urban, Karnataka"
COMP144,Ramesh,Mishra,Male,29,Doctor,+91-9635613697,ramesh.mishra@yahoo.com,"No. 187, Hebbal Flyover Road, Hebbal, Bengaluru, Bengaluru Urban, Karnataka"
COMP145,Sunil,Mehta,Male,56,Newspaper Vendor,+91-6244775789,sunil.mehta@outlook.com,"No. 342, Savalanga Road Church Road, Savalanga Road, Shivamogga, Shivamogga, Karnataka"
COMP146,Swati,Yadav,Female,35,Homemaker,+91-9124610006,swati.yadav@yahoo.com,"No. 310, Urwa Temple Road, Urwa, Mangaluru, Dakshina Kannada, Karnataka"
COMP147,Pooja,Choudhury,Female,57,Fisherman,+91-6765442455,pooja.choudhury@gmail.com,"No. 221, 27th Main Road HSR, HSR Layout, Bengaluru, Bengaluru Urban, Karnataka"
COMP148,Deepak,Rao,Male,38,Watchman,+91-9405837417,deepak.rao@hotmail.com,"No. 292, Ramamurthy Nagar Lane, Ramamurthy Nagar, Bengaluru, Bengaluru Urban, Karnataka"
COMP149,Sharda,Prasad,Female,54,Artist,+91-9510253672,sharda.prasad@gmail.com,"No. 303, Koramangala Valley Road, Koramangala, Bengaluru, Bengaluru Urban, Karnataka"
COMP150,Vijay,Mishra,Male,40,Broker,+91-6763494022,vijay.mishra@outlook.com,"No. 353, Banashankari 2th Church Road, Banashankari, Bengaluru, Bengaluru Urban, Karnataka"
COMP151,Rahul,Singh,Male,39,Chef,+91-6506454040,rahul.singh@outlook.com,"No. 293, Kulshekar Main Road, Kulshekar, Mangaluru, Dakshina Kannada, Karnataka"
COMP152,Meena,Chawla,Female,24,Priest,+91-6624861292,meena.chawla@gmail.com,"No. 110, Keelu Kote Cross Road, Keelu Kote, Kolar, Kolar, Karnataka"
COMP153,Kiran,Verma,Female,37,Contractor,+91-9869755255,kiran.verma@hotmail.com,"No. 178, Hennur Gardens 5th Link Road, Hennur Gardens, Bengaluru, Bengaluru Urban, Karnataka"
COMP154,Rahul,Yadav,Male,69,Principal,+91-9634256586,rahul.yadav@yahoo.com,"No. 256, Keerthi Nagar 4th Church Road, Keerthi Nagar, Vijayapura, Vijayapura, Karnataka"
COMP155,Ajay,Das,Male,77,Washerman,+91-9970242778,ajay.das@hotmail.com,"No. 441, Singasandra 3th Station Road, Singasandra, Bengaluru, Bengaluru Urban, Karnataka"
COMP156,Vikram,Reddy,Male,35,Dentist,+91-7264112845,vikram.reddy@hotmail.com,"No. 332, Amaragol Main Road, Amaragol, Hubballi, Dharwad, Karnataka"
COMP157,Vikram,Joshi,Male,35,Business Owner,+91-6286189408,vikram.joshi@gmail.com,"No. 309, Madiwala Lane, Madiwala, Bengaluru, Bengaluru Urban, Karnataka"
COMP158,Sunita,Reddy,Female,75,Sweeper,+91-6388255165,sunita.reddy@outlook.com,"No. 47, Malpe Club Road, Malpe, Udupi, Udupi, Karnataka"
COMP159,Sandip,Singh,Male,67,Cabin Crew,+91-8878792122,sandip.singh@hotmail.com,"No. 442, Chikkalasandra 2th Ring Road, Chikkalasandra, Bengaluru, Bengaluru Urban, Karnataka"
COMP160,Ramesh,Prasad,Male,41,Cyber Cafe Owner,+91-6346989378,ramesh.prasad@gmail.com,"No. 431, HSR Layout Sector 1 Road, HSR Layout, Bengaluru, Bengaluru Urban, Karnataka"
COMP161,Arjun,Das,Male,53,Milkman,+91-8679652409,arjun.das@outlook.com,"No. 47, Ejipura Galli, Ejipura, Bengaluru, Bengaluru Urban, Karnataka"
COMP162,Rahul,Mehta,Male,73,Delivery Partner,+91-9687408894,rahul.mehta@hotmail.com,"No. 368, Saraswathipuram Ring Road, Saraswathipuram, Mysuru, Mysuru, Karnataka"
COMP163,Anita,Joshi,Female,62,Content Writer,+91-6368740066,anita.joshi@yahoo.com,"No. 206, ITPL Main Road, Whitefield, Bengaluru, Bengaluru Urban, Karnataka"
COMP164,Rahul,Banerjee,Male,54,Chartered Accountant,+91-6159878673,rahul.banerjee@hotmail.com,"No. 134, Domlur Station Road, Domlur, Bengaluru, Bengaluru Urban, Karnataka"
COMP165,Vinay,Banerjee,Male,69,Dentist,+91-7033385005,vinay.banerjee@yahoo.com,"No. 237, KR Puram Bypass Road, KR Puram, Bengaluru, Bengaluru Urban, Karnataka"
COMP166,Rohan,Joshi,Male,21,Newspaper Vendor,+91-9619150579,rohan.joshi@hotmail.com,"No. 115, Varthur Temple Road, Varthur, Bengaluru, Bengaluru Urban, Karnataka"
COMP167,Vikram,Das,Male,36,Astrologer,+91-9186926441,vikram.das@outlook.com,"No. 121, Vidyapeetha Circle Link Road, Vidyapeetha Circle, Bengaluru, Bengaluru Urban, Karnataka"
COMP168,Anjali,Mishra,Female,55,Physiotherapist,+91-9048932345,anjali.mishra@gmail.com,"No. 286, Basavanagudi 4th Junction Road, Basavanagudi, Bengaluru, Bengaluru Urban, Karnataka"
COMP169,Amit,Banerjee,Male,77,Journalist,+91-9999957026,amit.banerjee@outlook.com,"No. 344, Tilakwadi 1th Church Road, Tilakwadi, Belagavi, Belagavi, Karnataka"
COMP170,Pooja,Prasad,Female,20,Broker,+91-7259813511,pooja.prasad@gmail.com,"No. 256, Kasavanahalli Cross Road, Kasavanahalli, Bengaluru, Bengaluru Urban, Karnataka"
COMP171,Ritu,Reddy,Female,36,Content Writer,+91-8541749596,ritu.reddy@hotmail.com,"No. 97, BTM Layout 80 Feet Road, BTM Layout, Bengaluru, Bengaluru Urban, Karnataka"
COMP172,Amit,Patel,Male,29,Farmer,+91-9274990374,amit.patel@hotmail.com,"No. 434, Mahadevapura Church Road, Mahadevapura, Bengaluru, Bengaluru Urban, Karnataka"
COMP173,Suresh,Mishra,Male,23,Barber,+91-8115285595,suresh.mishra@yahoo.com,"No. 40, Gokul Road Galli, Gokul Road, Hubballi, Dharwad, Karnataka"
COMP174,Ramesh,Singh,Male,74,Station Master,+91-6291391304,ramesh.singh@hotmail.com,"No. 322, Jewargi Road Main Road, Jewargi Road, Kalaburagi, Kalaburagi, Karnataka"
COMP175,Geeta,Sharma,Female,39,Driver,+91-9377952063,geeta.sharma@gmail.com,"No. 281, MG Road, MG Road, Bengaluru, Bengaluru Urban, Karnataka"
COMP176,Sunita,Nair,Female,34,Waiter,+91-7980817276,sunita.nair@gmail.com,"No. 252, Austin Town Main Road, Austin Town, Bengaluru, Bengaluru Urban, Karnataka"
COMP177,Kavita,Gill,Female,26,Peon,+91-6854845478,kavita.gill2@yahoo.com,"No. 323, Vidyagiri Main Road, Vidyagiri, Dharwad, Dharwad, Karnataka"
COMP178,Sunita,Verma,Female,50,Clerk,+91-9667956040,sunita.verma@hotmail.com,"No. 77, Austin Town 5th Temple Road, Austin Town, Bengaluru, Bengaluru Urban, Karnataka"
COMP179,Rahul,Patel,Male,51,Truck Driver,+91-8559554478,rahul.patel@outlook.com,"No. 300, Chikkalasandra 2th Ring Road, Chikkalasandra, Bengaluru, Bengaluru Urban, Karnataka"
COMP180,Karan,Sharma,Male,25,Gym Trainer,+91-9113082546,karan.sharma1@outlook.com,"No. 447, Gokulam Galli, Gokulam, Mysuru, Mysuru, Karnataka"
COMP181,Vikram,Joshi,Male,23,Weaver,+91-8815011468,vikram.joshi@hotmail.com,"No. 317, Ejipura 2th Highway, Ejipura, Bengaluru, Bengaluru Urban, Karnataka"
COMP182,Sneha,Choudhury,Female,23,Civil Engineer,+91-7010982664,sneha.choudhury@yahoo.com,"No. 155, Rajajinagar Temple Road, Rajajinagar, Bengaluru, Bengaluru Urban, Karnataka"
COMP183,Pooja,Jadav,Female,45,Teacher,+91-6117948525,pooja.jadav@hotmail.com,"No. 171, JP Nagar Outer Ring Road, JP Nagar, Bengaluru, Bengaluru Urban, Karnataka"
COMP184,Suresh,Reddy,Male,80,Taxi Driver,+91-9755244566,suresh.reddy@hotmail.com,"No. 366, Gottigere 5th Galli, Gottigere, Bengaluru, Bengaluru Urban, Karnataka"
COMP185,Karan,Sharma,Male,45,Contractor,+91-8526816644,karan.sharma@yahoo.com,"No. 372, Wilson Garden Bazaar Street, Wilson Garden, Bengaluru, Bengaluru Urban, Karnataka"
COMP186,Ramesh,Mishra,Male,46,Banker,+91-7569874873,ramesh.mishra@hotmail.com,"No. 408, Vidyaranyapuram Mysuru Galli, Vidyaranyapuram Mysuru, Mysuru, Mysuru, Karnataka"
COMP187,Neha,Gill,Female,31,Dentist,+91-6611614932,neha.gill@gmail.com,"No. 184, Electronic City Flyover Road, Electronic City, Bengaluru, Bengaluru Urban, Karnataka"
COMP188,Ritu,Joshi,Female,29,Real Estate Agent,+91-6831254977,ritu.joshi1@outlook.com,"No. 437, Frazer Town Cross Road, Frazer Town, Bengaluru, Bengaluru Urban, Karnataka"
COMP189,Amit,Rao,Male,69,Singer,+91-6976815511,amit.rao@yahoo.com,"No. 81, Vidyaranyapuram Mysuru 4th Station Road, Vidyaranyapuram Mysuru, Mysuru, Mysuru, Karnataka"
COMP190,Preeti,Yadav,Female,49,Security Guard,+91-7631844728,preeti.yadav@outlook.com,"No. 259, Kalasipalyam Main Road, Kalasipalyam, Bengaluru, Bengaluru Urban, Karnataka"
COMP191,Rajesh,Das,Male,41,Taxi Driver,+91-8627571498,rajesh.das@outlook.com,"No. 227, 14th Main Road HSR, HSR Layout, Bengaluru, Bengaluru Urban, Karnataka"
COMP192,Aarav,Yadav,Male,78,Chartered Accountant,+91-8391076690,aarav.yadav@outlook.com,"No. 206, Gokul Road 5th Station Road, Gokul Road, Hubballi, Dharwad, Karnataka"
COMP193,Meena,Mishra,Female,18,Pharmacist,+91-7742576687,meena.mishra@hotmail.com,"No. 155, RT Nagar 4th Junction Road, RT Nagar, Bengaluru, Bengaluru Urban, Karnataka"
COMP194,Amit,Prasad,Male,39,Milkman,+91-7552533608,amit.prasad@outlook.com,"No. 427, JP Nagar 8th Phase Cross Road, JP Nagar 8th Phase, Bengaluru, Bengaluru Urban, Karnataka"
COMP195,Jyoti,Yadav,Female,25,Mechanic,+91-8251794503,jyoti.yadav@yahoo.com,"No. 290, Gachinakatti Colony 2th Ring Road, Gachinakatti Colony, Vijayapura, Vijayapura, Karnataka"
COMP196,Anil,Choudhury,Male,36,Yoga Instructor,+91-7752358307,anil.choudhury@hotmail.com,"No. 48, Museum Road, Brigade Road, Bengaluru, Bengaluru Urban, Karnataka"
COMP197,Manoj,Kumar,Male,48,Mason,+91-9064578569,manoj.kumar@hotmail.com,"No. 422, Gokul Road Galli, Gokul Road, Hubballi, Dharwad, Karnataka"
COMP198,Vijay,Yadav,Male,26,Priest,+91-9178124793,vijay.yadav@gmail.com,"No. 57, Bhagya Nagar Ring Road, Bhagya Nagar, Belagavi, Belagavi, Karnataka"
COMP199,Anil,Chawla,Male,36,Driver,+91-7133201749,anil.chawla@outlook.com,"No. 111, Srirampura Club Road, Srirampura, Bengaluru, Bengaluru Urban, Karnataka"
COMP200,Ramesh,Sharma,Male,25,Secretary,+91-8004343388,ramesh.sharma@yahoo.com,"No. 259, Jeevanbheemanagar Club Road, Jeevanbheemanagar, Bengaluru, Bengaluru Urban, Karnataka"
COMP201,Preeti,Rao,Female,27,Railway Conductor,+91-6764235987,preeti.rao@gmail.com,"No. 363, Lingarajapuram Station Road, Lingarajapuram, Bengaluru, Bengaluru Urban, Karnataka"
COMP202,Vinay,Choudhury,Male,53,Courier Delivery Boy,+91-6609579575,vinay.choudhury@gmail.com,"No. 338, Varthur 2th Double Road, Varthur, Bengaluru, Bengaluru Urban, Karnataka"
COMP203,Aarav,Das,Male,68,Barber,+91-7885053549,aarav.das@outlook.com,"No. 93, Vidyagiri 4th Station Road, Vidyagiri, Dharwad, Dharwad, Karnataka"
COMP204,Aaradhya,Yadav,Female,38,Watchman,+91-8095217196,aaradhya.yadav@gmail.com,"No. 93, Harlur Road Lane, Harlur Road, Bengaluru, Bengaluru Urban, Karnataka"
COMP205,Amit,Choudhury,Male,42,Security Guard,+91-8182980252,amit.choudhury@hotmail.com,"No. 138, Hoodi Bypass Road, Hoodi, Bengaluru, Bengaluru Urban, Karnataka"
COMP206,Sunil,Rao,Male,53,Auto Driver,+91-6442829625,sunil.rao@yahoo.com,"No. 291, Ejipura 2th Highway, Ejipura, Bengaluru, Bengaluru Urban, Karnataka"
COMP207,Preeti,Gupta,Female,72,Washerman,+91-7715129950,preeti.gupta@hotmail.com,"No. 335, Wilson Garden 5th Bypass Road, Wilson Garden, Bengaluru, Bengaluru Urban, Karnataka"
COMP208,Aarav,Verma,Male,77,Sculptor,+91-8583365507,aarav.verma@gmail.com,"No. 46, Austin Town 5th Temple Road, Austin Town, Bengaluru, Bengaluru Urban, Karnataka"
COMP209,Anita,Kumar,Female,64,Manager,+91-8825889697,anita.kumar@outlook.com,"No. 340, Kumaraswamy Layout Station Road, Kumaraswamy Layout, Bengaluru, Bengaluru Urban, Karnataka"
COMP210,Meena,Mehta,Female,47,Blacksmith,+91-8066049648,meena.mehta@hotmail.com,"No. 276, Tilakwadi Bypass Road, Tilakwadi, Belagavi, Belagavi, Karnataka"
COMP211,Rajesh,Prasad,Male,19,Yoga Instructor,+91-9638831760,rajesh.prasad@hotmail.com,"No. 99, Bejai Cross Road, Bejai, Mangaluru, Dakshina Kannada, Karnataka"
COMP212,Aaradhya,Patel,Female,65,Teacher,+91-8671868299,aaradhya.patel@gmail.com,"No. 253, Majestic Galli, Majestic, Bengaluru, Bengaluru Urban, Karnataka"
COMP213,Aarav,Mehta,Male,80,Washerman,+91-9125117661,aarav.mehta@yahoo.com,"No. 66, Hebbal Flyover Road, Hebbal, Bengaluru, Bengaluru Urban, Karnataka"
COMP214,Babita,Patel,Female,74,Travel Agent,+91-8169652549,babita.patel@gmail.com,"No. 222, Kudlu Gate 3th Lane, Kudlu Gate, Bengaluru, Bengaluru Urban, Karnataka"
COMP215,Kiran,Singh,Female,61,Travel Agent,+91-9450709533,kiran.singh@outlook.com,"No. 293, Museum Road, Brigade Road, Bengaluru, Bengaluru Urban, Karnataka"
COMP216,Arjun,Reddy,Male,79,Advocate,+91-7130604079,arjun.reddy@outlook.com,"No. 56, Padmanabhanagar Bazaar Street, Padmanabhanagar, Bengaluru, Bengaluru Urban, Karnataka"
COMP217,Anjali,Banerjee,Female,71,Electrician,+91-8520540419,anjali.banerjee@gmail.com,"No. 161, Kulshekar Main Road, Kulshekar, Mangaluru, Dakshina Kannada, Karnataka"
COMP218,Vijay,Verma,Male,76,Actor,+91-6360652307,vijay.verma@yahoo.com,"No. 233, Marathahalli Bridge Road, Marathahalli, Bengaluru, Bengaluru Urban, Karnataka"
COMP219,Preeti,Reddy,Female,74,Fisherman,+91-6397431150,preeti.reddy@yahoo.com,"No. 65, Shivaji Nagar Vijayapura Junction Road, Shivaji Nagar Vijayapura, Vijayapura, Vijayapura, Karnataka"
COMP220,Ritu,Reddy,Female,48,Fisherman,+91-9110155635,ritu.reddy@yahoo.com,"No. 241, Shivajinagar Station Road, Shivajinagar, Bengaluru, Bengaluru Urban, Karnataka"
COMP221,Geeta,Banerjee,Female,36,Gardener,+91-6561285039,geeta.banerjee@yahoo.com,"No. 175, Bellary Road, Hebbal, Bengaluru, Bengaluru Urban, Karnataka"
COMP222,Ramesh,Rao,Male,56,Veterinary Doctor,+91-8853231894,ramesh.rao1@gmail.com,"No. 355, Jigani Main Road, Jigani, Bengaluru, Bengaluru Urban, Karnataka"
COMP223,Ajay,Gill,Male,31,Journalist,+91-9793721930,ajay.gill@gmail.com,"No. 59, College Road Hosapete 2th Lane, College Road Hosapete, Hosapete, Vijayanagara, Karnataka"
COMP224,Rahul,Rao,Male,30,Cobbler,+91-8001187351,rahul.rao@gmail.com,"No. 432, Jalahalli 3th Double Road, Jalahalli, Bengaluru, Bengaluru Urban, Karnataka"
COMP225,Anita,Sharma,Female,71,Dietician,+91-7371932869,anita.sharma@hotmail.com,"No. 61, Hebbal Flyover Road, Hebbal, Bengaluru, Bengaluru Urban, Karnataka"
COMP226,Vijay,Mehta,Male,30,Data Entry Operator,+91-9634697582,vijay.mehta@yahoo.com,"No. 127, Harlur Road 4th Ring Road, Harlur Road, Bengaluru, Bengaluru Urban, Karnataka"
COMP227,Rohan,Kumar,Male,72,Insurance Agent,+91-9204605765,rohan.kumar@hotmail.com,"No. 238, Haroorgeri Main Road, Haroorgeri, Bidar, Bidar, Karnataka"
COMP228,Sunil,Mishra,Male,51,Veterinary Doctor,+91-9742495022,sunil.mishra@yahoo.com,"No. 112, Tilakwadi 1th Church Road, Tilakwadi, Belagavi, Belagavi, Karnataka"
COMP229,Jyoti,Nair,Female,54,Delivery Partner,+91-8207252053,jyoti.nair@hotmail.com,"No. 222, Vinoba Nagar Club Road, Vinoba Nagar, Shivamogga, Shivamogga, Karnataka"
COMP230,Ritu,Jadav,Female,38,Architect,+91-9042092550,ritu.jadav@outlook.com,"No. 51, Bannerghatta Road Highway, Bannerghatta Road, Bengaluru, Bengaluru Urban, Karnataka"
COMP231,Rajesh,Mishra,Male,20,Receptionist,+91-7362778161,rajesh.mishra@outlook.com,"No. 395, Karthik Nagar Road, Marathahalli, Bengaluru, Bengaluru Urban, Karnataka"
COMP232,Kavita,Mishra,Female,68,Newspaper Vendor,+91-9870699827,kavita.mishra@yahoo.com,"No. 120, Jayanagar Shivamogga Bypass Road, Jayanagar Shivamogga, Shivamogga, Shivamogga, Karnataka"
COMP233,Preeti,Banerjee,Female,68,Chartered Accountant,+91-8849448018,preeti.banerjee@outlook.com,"No. 256, Karthik Nagar Road, Marathahalli, Bengaluru, Bengaluru Urban, Karnataka"
COMP234,Meena,Patel,Female,44,Truck Driver,+91-9762550199,meena.patel@hotmail.com,"No. 105, Urwa Temple Road, Urwa, Mangaluru, Dakshina Kannada, Karnataka"
COMP235,Sunita,Prasad,Female,42,Painter,+91-9154801506,sunita.prasad@hotmail.com,"No. 96, 100 Feet Road Koramangala, Koramangala, Bengaluru, Bengaluru Urban, Karnataka"
COMP236,Rajesh,Nair,Male,36,Barber,+91-7254303939,rajesh.nair@yahoo.com,"No. 215, Keelu Kote Cross Road, Keelu Kote, Kolar, Kolar, Karnataka"
COMP237,Sunita,Nair,Female,79,Barber,+91-7838615327,sunita.nair@hotmail.com,"No. 104, Chickpet 4th Bazaar Street, Chickpet, Bengaluru, Bengaluru Urban, Karnataka"
COMP238,Vijay,Rao,Male,22,Newspaper Vendor,+91-7598457284,vijay.rao@outlook.com,"No. 314, Bendoorwell Main Road, Bendoorwell, Mangaluru, Dakshina Kannada, Karnataka"
COMP239,Manoj,Patel,Male,29,Fisherman,+91-9491539282,manoj.patel@outlook.com,"No. 358, Outer Ring Road Hebbal, Hebbal, Bengaluru, Bengaluru Urban, Karnataka"
COMP240,Ramesh,Reddy,Male,66,Secretary,+91-6901734254,ramesh.reddy@gmail.com,"No. 196, MCC B Block 4th Church Road, MCC B Block, Davanagere, Davanagere, Karnataka"
COMP241,Sneha,Mehta,Female,43,Farmer,+91-6271644067,sneha.mehta@hotmail.com,"No. 242, CV Raman Nagar Club Road, CV Raman Nagar, Bengaluru, Bengaluru Urban, Karnataka"
COMP242,Neha,Joshi,Female,71,Teacher,+91-6117160241,neha.joshi@gmail.com,"No. 111, Ravindra Nagar 3th Galli, Ravindra Nagar, Hassan, Hassan, Karnataka"
COMP243,Priya,Yadav,Female,59,Gym Trainer,+91-6330077932,priya.yadav@gmail.com,"No. 216, Green Glen Layout Road, Bellandur, Bengaluru, Bengaluru Urban, Karnataka"
COMP244,Aarav,Banerjee,Male,70,Painter,+91-6287811413,aarav.banerjee@yahoo.com,"No. 278, Hennur Gardens Lane, Hennur Gardens, Bengaluru, Bengaluru Urban, Karnataka"
COMP245,Jyoti,Singh,Female,32,Mason,+91-6314334086,jyoti.singh@outlook.com,"No. 35, 3rd Block East Road Jayanagar, Jayanagar, Bengaluru, Bengaluru Urban, Karnataka"
COMP246,Manoj,Choudhury,Male,67,Blacksmith,+91-9915981959,manoj.choudhury@hotmail.com,"No. 171, Domlur Station Road, Domlur, Bengaluru, Bengaluru Urban, Karnataka"
COMP247,Sunil,Jadav,Male,22,Station Master,+91-6653625926,sunil.jadav@gmail.com,"No. 122, Adugodi Bypass Road, Adugodi, Bengaluru, Bengaluru Urban, Karnataka"
COMP248,Anjali,Gill,Female,23,Mechanic,+91-7321209597,anjali.gill@outlook.com,"No. 143, Domlur Station Road, Domlur, Bengaluru, Bengaluru Urban, Karnataka"
COMP249,Priya,Yadav,Female,68,Taxi Driver,+91-8727320998,priya.yadav@yahoo.com,"No. 267, Urwa Temple Road, Urwa, Mangaluru, Dakshina Kannada, Karnataka"
COMP250,Neha,Rao,Female,58,Software Engineer,+91-6801612058,neha.rao@yahoo.com,"No. 260, Arekere Link Road, Arekere, Bengaluru, Bengaluru Urban, Karnataka"
COMP251,Manoj,Rao,Male,37,Chef,+91-7212246270,manoj.rao@outlook.com,"No. 194, Shahapur Belagavi Galli, Shahapur Belagavi, Belagavi, Belagavi, Karnataka"
COMP252,Ramesh,Rao,Male,45,Real Estate Agent,+91-9787038795,ramesh.rao@yahoo.com,"No. 373, College Road Hosapete Main Road, College Road Hosapete, Hosapete, Vijayanagara, Karnataka"
COMP253,Rohan,Nair,Male,47,Pilot,+91-9254371908,rohan.nair@outlook.com,"No. 208, Manipal Main Road, Manipal, Udupi, Udupi, Karnataka"
COMP254,Sneha,Mishra,Female,42,Priest,+91-8654093514,sneha.mishra@outlook.com,"No. 261, JP Nagar Mysuru Ring Road, JP Nagar Mysuru, Mysuru, Mysuru, Karnataka"
COMP255,Ritu,Verma,Female,59,Milkman,+91-9720866662,ritu.verma@hotmail.com,"No. 131, Shivajinagar Station Road, Shivajinagar, Bengaluru, Bengaluru Urban, Karnataka"
COMP256,Sandip,Chawla,Male,78,Gym Trainer,+91-7076935951,sandip.chawla@hotmail.com,"No. 425, Lingarajapuram Station Road, Lingarajapuram, Bengaluru, Bengaluru Urban, Karnataka"
COMP257,Kiran,Choudhury,Female,50,Data Entry Operator,+91-9577981578,kiran.choudhury@outlook.com,"No. 384, Hennur Gardens 5th Link Road, Hennur Gardens, Bengaluru, Bengaluru Urban, Karnataka"
COMP258,Kavita,Sharma,Female,28,Priest,+91-6074424111,kavita.sharma@hotmail.com,"No. 258, Vidyaranyapura Double Road, Vidyaranyapura, Bengaluru, Bengaluru Urban, Karnataka"
COMP259,Ajay,Chawla,Male,70,Mason,+91-7278198491,ajay.chawla@yahoo.com,"No. 151, Church Street, Brigade Road, Bengaluru, Bengaluru Urban, Karnataka"
COMP260,Deepak,Singh,Male,35,Clerk,+91-6546107059,deepak.singh@gmail.com,"No. 268, Horamavu Agara Main Road, Horamavu Agara, Bengaluru, Bengaluru Urban, Karnataka"
COMP261,Deepak,Gill,Male,51,Architect,+91-9434389896,deepak.gill@hotmail.com,"No. 183, BTM 2nd Stage 16th Main, BTM Layout, Bengaluru, Bengaluru Urban, Karnataka"
COMP262,Anita,Sharma,Female,47,Cyber Cafe Owner,+91-9781682683,anita.sharma1@hotmail.com,"No. 212, Infactor Colony Junction Road, Infactor Colony, Ballari, Ballari, Karnataka"
COMP263,Aarav,Banerjee,Male,19,Washerman,+91-8897624773,aarav.banerjee@hotmail.com,"No. 376, RT Nagar Bazaar Street, RT Nagar, Bengaluru, Bengaluru Urban, Karnataka"
COMP264,Kavita,Gill,Female,30,Homemaker,+91-6173658141,kavita.gill3@yahoo.com,"No. 109, JP Nagar 8th Phase 1th Double Road, JP Nagar 8th Phase, Bengaluru, Bengaluru Urban, Karnataka"
COMP265,Rajesh,Singh,Male,45,Student,+91-7933276966,rajesh.singh@hotmail.com,"No. 408, Malleshwaram Highway, Malleshwaram, Bengaluru, Bengaluru Urban, Karnataka"
COMP266,Anjali,Chawla,Female,67,Blacksmith,+91-6637736588,anjali.chawla@yahoo.com,"No. 60, Kadirenahalli 2th Cross Road, Kadirenahalli, Bengaluru, Bengaluru Urban, Karnataka"
COMP267,Sunita,Singh,Female,23,Clerk,+91-7713895005,sunita.singh@hotmail.com,"No. 164, Amaragol Main Road, Amaragol, Hubballi, Dharwad, Karnataka"
COMP268,Pooja,Yadav,Female,60,Weaver,+91-7108382261,pooja.yadav@outlook.com,"No. 383, Ulsoor Highway, Ulsoor, Bengaluru, Bengaluru Urban, Karnataka"
COMP269,Sandip,Banerjee,Male,37,Real Estate Agent,+91-6285622908,sandip.banerjee@yahoo.com,"No. 435, Hennur Gardens 5th Link Road, Hennur Gardens, Bengaluru, Bengaluru Urban, Karnataka"
COMP270,Amit,Joshi,Male,72,Priest,+91-9289103443,amit.joshi@hotmail.com,"No. 37, Bendoorwell Main Road, Bendoorwell, Mangaluru, Dakshina Kannada, Karnataka"
COMP271,Kavita,Mehta,Female,62,Secretary,+91-9037809365,kavita.mehta@hotmail.com,"No. 150, SIT Extension Church Road, SIT Extension, Tumakuru, Tumakuru, Karnataka"
COMP272,Vikram,Mehta,Male,69,Tailor,+91-6381783961,vikram.mehta@gmail.com,"No. 183, Vijayanagar Bypass Road, Vijayanagar, Bengaluru, Bengaluru Urban, Karnataka"
COMP273,Neha,Verma,Female,25,Insurance Agent,+91-8596402469,neha.verma@hotmail.com,"No. 399, KR Puram Bypass Road, KR Puram, Bengaluru, Bengaluru Urban, Karnataka"
COMP274,Sneha,Das,Female,58,Security Supervisor,+91-9310465055,sneha.das@outlook.com,"No. 407, Basavanagudi 4th Junction Road, Basavanagudi, Bengaluru, Bengaluru Urban, Karnataka"
COMP275,Deepak,Jadav,Male,59,Cyber Cafe Owner,+91-9213785473,deepak.jadav@hotmail.com,"No. 266, Bagalur Main Road, Yelahanka, Bengaluru, Bengaluru Urban, Karnataka"
COMP276,Vikram,Singh,Male,29,Blacksmith,+91-7043056027,vikram.singh@gmail.com,"No. 260, Kadugodi 3th Junction Road, Kadugodi, Bengaluru, Bengaluru Urban, Karnataka"
COMP277,Ritu,Prasad,Female,28,Truck Driver,+91-6209925143,ritu.prasad@outlook.com,"No. 262, Keelu Kote 4th Bazaar Street, Keelu Kote, Kolar, Kolar, Karnataka"
COMP278,Suresh,Verma,Male,33,Farmer,+91-7182155274,suresh.verma@outlook.com,"No. 196, Kathriguppe Highway, Kathriguppe, Bengaluru, Bengaluru Urban, Karnataka"
COMP279,Deepak,Rao,Male,23,Graphic Designer,+91-9912626675,deepak.rao@yahoo.com,"No. 421, Gokul Road 5th Station Road, Gokul Road, Hubballi, Dharwad, Karnataka"
COMP280,Sunil,Reddy,Male,42,Student,+91-7011506332,sunil.reddy@yahoo.com,"No. 6, Chickpet Cross Road, Chickpet, Bengaluru, Bengaluru Urban, Karnataka"
COMP281,Deepak,Patel,Male,42,Sales Executive,+91-6173845785,deepak.patel@gmail.com,"No. 88, JP Nagar 24th Main Road, JP Nagar, Bengaluru, Bengaluru Urban, Karnataka"
COMP282,Sneha,Joshi,Female,40,Dietician,+91-9410511370,sneha.joshi@outlook.com,"No. 348, Uttarahalli Club Road, Uttarahalli, Bengaluru, Bengaluru Urban, Karnataka"
COMP283,Preeti,Joshi,Female,46,Peon,+91-9524988389,preeti.joshi@hotmail.com,"No. 433, Madiwala Lane, Madiwala, Bengaluru, Bengaluru Urban, Karnataka"
COMP284,Rajesh,Gupta,Male,64,Journalist,+91-6107548945,rajesh.gupta@yahoo.com,"No. 255, Ashok Nagar Tumkur Bypass Road, Ashok Nagar Tumkur, Tumakuru, Tumakuru, Karnataka"
COMP285,Deepak,Sharma,Male,57,Painter,+91-6777279885,deepak.sharma@gmail.com,"No. 87, Khuba Plot Station Road, Khuba Plot, Kalaburagi, Kalaburagi, Karnataka"
COMP286,Sanjay,Gupta,Male,41,Business Owner,+91-8943319257,sanjay.gupta@gmail.com,"No. 154, Wilson Garden 5th Bypass Road, Wilson Garden, Bengaluru, Bengaluru Urban, Karnataka"
COMP287,Kavita,Das,Female,31,Software Engineer,+91-9239680464,kavita.das@outlook.com,"No. 316, Outer Ring Road, Marathahalli, Bengaluru, Bengaluru Urban, Karnataka"
COMP288,Meena,Choudhury,Female,40,Sales Executive,+91-6374041584,meena.choudhury@hotmail.com,"No. 80, Outer Ring Road, Marathahalli, Bengaluru, Bengaluru Urban, Karnataka"
COMP289,Anjali,Jadav,Female,43,Gardener,+91-8385296417,anjali.jadav@gmail.com,"No. 446, Mandi Mohalla Main Road, Mandi Mohalla, Mysuru, Mysuru, Karnataka"
COMP290,Suresh,Mehta,Male,36,Driver,+91-7379114624,suresh.mehta@hotmail.com,"No. 167, Kasavanahalli Cross Road, Kasavanahalli, Bengaluru, Bengaluru Urban, Karnataka"
COMP291,Renu,Nair,Female,26,Nurse,+91-6713060845,renu.nair@gmail.com,"No. 246, Vidyagiri Main Road, Vidyagiri, Dharwad, Dharwad, Karnataka"
COMP292,Kavita,Jadav,Female,23,Truck Driver,+91-7671212764,kavita.jadav@hotmail.com,"No. 359, Kalyan Nagar Double Road, Kalyan Nagar, Bengaluru, Bengaluru Urban, Karnataka"
COMP293,Vikram,Chawla,Male,58,Washerman,+91-7210994600,vikram.chawla@hotmail.com,"No. 157, Chidri Lane, Chidri, Bidar, Bidar, Karnataka"
COMP294,Arjun,Banerjee,Male,45,Sculptor,+91-6563223430,arjun.banerjee@gmail.com,"No. 27, Whitefield Main Road, Whitefield, Bengaluru, Bengaluru Urban, Karnataka"
COMP295,Deepa,Choudhury,Female,48,Pharmacist,+91-6424316671,deepa.choudhury@outlook.com,"No. 381, Vidyaranyapuram Mysuru 4th Station Road, Vidyaranyapuram Mysuru, Mysuru, Mysuru, Karnataka"
COMP296,Anjali,Das,Female,31,Broker,+91-9016609881,anjali.das@hotmail.com,"No. 39, Sadashivanagar Temple Road, Sadashivanagar, Bengaluru, Bengaluru Urban, Karnataka"
COMP297,Kavita,Jadav,Female,66,Tailor,+91-7015288998,kavita.jadav1@hotmail.com,"No. 224, Varthur Temple Road, Varthur, Bengaluru, Bengaluru Urban, Karnataka"
COMP298,Ramesh,Reddy,Male,51,Real Estate Agent,+91-6129290918,ramesh.reddy@hotmail.com,"No. 446, Ravindra Nagar 3th Galli, Ravindra Nagar, Hassan, Hassan, Karnataka"
COMP299,Sanjay,Rao,Male,66,Insurance Agent,+91-9536205509,sanjay.rao@hotmail.com,"No. 363, Gandhinagar Ballari Bypass Road, Gandhinagar Ballari, Ballari, Ballari, Karnataka"
COMP300,Kavita,Patel,Female,36,Architect,+91-6102018927,kavita.patel@yahoo.com,"No. 274, Hennur Gardens 5th Link Road, Hennur Gardens, Bengaluru, Bengaluru Urban, Karnataka"
