vict_id,first_name,last_name,gender,age,occupation,phone,email,address
VICT001,Aarav,Mishra,Male,58,Weaver,+91-8398218296,aarav.mishra@gmail.com,"No. 113, Devaraja Mohalla Link Road, Devaraja Mohalla, Mysuru, Mysuru, Karnataka"
VICT002,Neha,Das,Female,80,Teacher,+91-6769266243,neha.das@yahoo.com,"No. 323, Gachinakatti Colony 2th Ring Road, Gachinakatti Colony, Vijayapura, Vijayapura, Karnataka"
VICT003,Pooja,Rao,Female,32,Bus Conductor,+91-8144481591,pooja.rao@outlook.com,"No. 159, Hosur Road, Electronic City, Bengaluru, Bengaluru Urban, Karnataka"
VICT004,Sanjay,Nair,Male,61,Weaver,+91-7002991578,sanjay.nair@gmail.com,"No. 197, Kulshekar Main Road, Kulshekar, Mangaluru, Dakshina Kannada, Karnataka"
VICT005,Suresh,Sharma,Male,66,Courier Delivery Boy,+91-6172957075,suresh.sharma@outlook.com,"No. 104, Banashankari 2th Church Road, Banashankari, Bengaluru, Bengaluru Urban, Karnataka"
VICT006,Ramesh,Chawla,Male,75,Actor,+91-7342525005,ramesh.chawla15@gmail.com,"No. 429, Cowl Bazar Cross Road, Cowl Bazar, Ballari, Ballari, Karnataka"
VICT007,Pooja,Sharma,Female,76,Laborer,+91-6233296679,pooja.sharma@hotmail.com,"No. 57, Banaswadi Bypass Road, Banaswadi, Bengaluru, Bengaluru Urban, Karnataka"
VICT008,Suresh,Choudhury,Male,40,Advocate,+91-8199861556,suresh.choudhury@yahoo.com,"No. 320, Ejipura Galli, Ejipura, Bengaluru, Bengaluru Urban, Karnataka"
VICT009,Ritu,Singh,Female,35,Astrologer,+91-8987009163,ritu.singh49@gmail.com,"No. 370, NGO Colony Church Road, NGO Colony, Kalaburagi, Kalaburagi, Karnataka"
VICT010,Sunita,Singh,Female,54,Truck Driver,+91-8131734496,sunita.singh@outlook.com,"No. 411, Jeevanbheemanagar Club Road, Jeevanbheemanagar, Bengaluru, Bengaluru Urban, Karnataka"
VICT011,Deepak,Reddy,Male,53,Astrologer,+91-9583545677,deepak.reddy@yahoo.com,"No. 2, Vidyaranyapuram Mysuru 4th Station Road, Vidyaranyapuram Mysuru, Mysuru, Mysuru, Karnataka"
VICT012,Aarav,Mishra,Male,53,Artist,+91-7903888218,aarav.mishra@hotmail.com,"No. 108, JP Nagar 8th Phase 1th Double Road, JP Nagar 8th Phase, Bengaluru, Bengaluru Urban, Karnataka"
VICT013,Amit,Kumar,Male,25,Cyber Cafe Owner,+91-7309376088,amit.kumar@gmail.com,"No. 188, Shivajinagar Station Road, Shivajinagar, Bengaluru, Bengaluru Urban, Karnataka"
VICT014,Rajesh,Patel,Male,22,Doctor,+91-9117762437,rajesh.patel@gmail.com,"No. 57, Kalasipalyam Main Road, Kalasipalyam, Bengaluru, Bengaluru Urban, Karnataka"
VICT015,Amit,Verma,Male,56,Waiter,+91-7086858957,amit.verma@hotmail.com,"No. 140, Cox Town Junction Road, Cox Town, Bengaluru, Bengaluru Urban, Karnataka"
VICT016,Karan,Nair,Male,80,Civil Engineer,+91-7403896064,karan.nair@hotmail.com,"No. 85, Kulshekar 3th Bypass Road, Kulshekar, Mangaluru, Dakshina Kannada, Karnataka"
VICT017,Anil,Reddy,Male,30,Architect,+91-6137321120,anil.reddy@outlook.com,"No. 283, Sanjaynagar Double Road, Sanjaynagar, Bengaluru, Bengaluru Urban, Karnataka"
VICT018,Amit,Patel,Male,35,Chartered Accountant,+91-6570390323,amit.patel@yahoo.com,"No. 385, Silk Board Main Road, Silk Board, Bengaluru, Bengaluru Urban, Karnataka"
VICT019,Ritu,Kumar,Female,62,Dietician,+91-6385570748,ritu.kumar@gmail.com,"No. 83, Wilson Garden 5th Bypass Road, Wilson Garden, Bengaluru, Bengaluru Urban, Karnataka"
VICT020,Ajay,Gupta,Male,74,Cobbler,+91-6922617959,ajay.gupta@outlook.com,"No. 403, Khuba Plot Station Road, Khuba Plot, Kalaburagi, Kalaburagi, Karnataka"
VICT021,Sunil,Choudhury,Male,41,Fisherman,+91-9076296959,sunil.choudhury@gmail.com,"No. 74, Deverabeesanahalli Flyover Road, Bellandur, Bengaluru, Bengaluru Urban, Karnataka"
VICT022,Sharda,Gupta,Female,49,Security Guard,+91-9391230172,sharda.gupta@hotmail.com,"No. 391, Kadirenahalli Ring Road, Kadirenahalli, Bengaluru, Bengaluru Urban, Karnataka"
VICT023,Pooja,Singh,Female,80,Supervisor,+91-9084891389,pooja.singh@outlook.com,"No. 350, Banashankari Junction Road, Banashankari, Bengaluru, Bengaluru Urban, Karnataka"
VICT024,Renu,Rao,Female,34,Physiotherapist,+91-6667280821,renu.rao@hotmail.com,"No. 115, Residency Road, MG Road, Bengaluru, Bengaluru Urban, Karnataka"
VICT025,Preeti,Gupta,Female,40,Dancer,+91-9694079971,preeti.gupta@outlook.com,"No. 163, Hebbal Flyover Road, Hebbal, Bengaluru, Bengaluru Urban, Karnataka"
VICT026,Geeta,Jadav,Female,31,Cyber Cafe Owner,+91-9145912597,geeta.jadav@gmail.com,"No. 405, Vidyaranyapuram Mysuru 4th Station Road, Vidyaranyapuram Mysuru, Mysuru, Mysuru, Karnataka"
VICT027,Swati,Mehta,Female,21,Mason,+91-6962600427,swati.mehta@hotmail.com,"No. 110, Chidri Lane, Chidri, Bidar, Bidar, Karnataka"
VICT028,Neha,Verma,Female,23,Truck Driver,+91-8921945794,neha.verma56@gmail.com,"No. 288, Marathahalli Bridge Road, Marathahalli, Bengaluru, Bengaluru Urban, Karnataka"
VICT029,Rajesh,Chawla,Male,57,Homemaker,+91-8687870894,rajesh.chawla@outlook.com,"No. 406, Hoodi Bypass Road, Hoodi, Bengaluru, Bengaluru Urban, Karnataka"
VICT030,Kiran,Yadav,Female,64,Software Engineer,+91-9986650716,kiran.yadav@yahoo.com,"No. 111, Kulshekar Main Road, Kulshekar, Mangaluru, Dakshina Kannada, Karnataka"
VICT031,Deepa,Mehta,Female,80,Dietician,+91-6333381494,deepa.mehta@outlook.com,"No. 425, Bannimantap Bypass Road, Bannimantap, Mysuru, Mysuru, Karnataka"
VICT032,Renu,Banerjee,Female,25,Waiter,+91-9415538642,renu.banerjee@gmail.com,"No. 413, Rajajinagar Temple Road, Rajajinagar, Bengaluru, Bengaluru Urban, Karnataka"
VICT033,Rajesh,Sharma,Male,57,Auto Driver,+91-6479045024,rajesh.sharma@yahoo.com,"No. 283, Jewargi Road Main Road, Jewargi Road, Kalaburagi, Kalaburagi, Karnataka"
VICT034,Anita,Mehta,Female,72,Artist,+91-6374967397,anita.mehta@outlook.com,"No. 338, Gandhi Bazaar Main Road, Gandhi Bazaar, Bengaluru, Bengaluru Urban, Karnataka"
VICT035,Kavita,Reddy,Female,61,Journalist,+91-6940138853,kavita.reddy@hotmail.com,"No. 285, JP Nagar 8th Phase Cross Road, JP Nagar 8th Phase, Bengaluru, Bengaluru Urban, Karnataka"
VICT036,Deepa,Gill,Female,59,Vegetable Vendor,+91-6851691954,deepa.gill15@gmail.com,"No. 259, Sarjapur Road Cross Road, Sarjapur Road, Bengaluru, Bengaluru Urban, Karnataka"
VICT037,Vinay,Nair,Male,71,Cobbler,+91-8813000716,vinay.nair@gmail.com,"No. 196, Banjara Nagar Link Road, Banjara Nagar, Vijayapura, Vijayapura, Karnataka"
VICT038,Vijay,Rao,Male,58,Cobbler,+91-8162187832,vijay.rao@gmail.com,"No. 43, Chickpet Cross Road, Chickpet, Bengaluru, Bengaluru Urban, Karnataka"
VICT039,Aarav,Chawla,Male,73,Sales Executive,+91-6451280438,aarav.chawla@hotmail.com,"No. 252, RT Nagar Bazaar Street, RT Nagar, Bengaluru, Bengaluru Urban, Karnataka"
VICT040,Manoj,Gupta,Male,49,Cobbler,+91-6248641296,manoj.gupta@gmail.com,"No. 176, Varthur Temple Road, Varthur, Bengaluru, Bengaluru Urban, Karnataka"
VICT041,Swati,Gill,Female,56,Receptionist,+91-6179100518,swati.gill@gmail.com,"No. 16, Kammasandra 4th Link Road, Kammasandra, Bengaluru, Bengaluru Urban, Karnataka"
VICT042,Pooja,Patel,Female,23,Veterinary Doctor,+91-7249352745,pooja.patel@hotmail.com,"No. 129, Ganganagar Station Road, Ganganagar, Bengaluru, Bengaluru Urban, Karnataka"
VICT043,Vikram,Das,Male,79,Vegetable Vendor,+91-6573794847,vikram.das55@gmail.com,"No. 311, Horamavu Ring Road, Horamavu, Bengaluru, Bengaluru Urban, Karnataka"
VICT044,Jyoti,Mehta,Female,54,Peon,+91-8884892468,jyoti.mehta@outlook.com,"No. 16, Shahapur Belagavi Galli, Shahapur Belagavi, Belagavi, Belagavi, Karnataka"
VICT045,Sanjay,Banerjee,Male,45,Plumber,+91-8223130672,sanjay.banerjee@outlook.com,"No. 288, Hulimavu Highway, Hulimavu, Bengaluru, Bengaluru Urban, Karnataka"
VICT046,Deepak,Choudhury,Male,56,Mason,+91-7126880847,deepak.choudhury@outlook.com,"No. 102, Singasandra 3th Station Road, Singasandra, Bengaluru, Bengaluru Urban, Karnataka"
VICT047,Amit,Jadav,Male,49,Driver,+91-8411335268,amit.jadav@gmail.com,"No. 146, MCC B Block 4th Church Road, MCC B Block, Davanagere, Davanagere, Karnataka"
VICT048,Deepak,Verma,Male,75,Data Entry Operator,+91-6304843330,deepak.verma@outlook.com,"No. 314, Kunjibettu Ring Road, Kunjibettu, Udupi, Udupi, Karnataka"
VICT049,Deepak,Choudhury,Male,62,Singer,+91-9891360001,deepak.choudhury1@outlook.com,"No. 116, Vidyagiri 4th Station Road, Vidyagiri, Dharwad, Dharwad, Karnataka"
VICT050,Rajesh,Mehta,Male,64,Gardener,+91-6982719036,rajesh.mehta@hotmail.com,"No. 358, Gandhi Bazaar 5th Station Road, Gandhi Bazaar, Bengaluru, Bengaluru Urban, Karnataka"
VICT051,Vijay,Chawla,Male,47,Carpenter,+91-7315886652,vijay.chawla@hotmail.com,"No. 144, Batawadi Highway, Batawadi, Tumakuru, Tumakuru, Karnataka"
VICT052,Swati,Patel,Female,23,Content Writer,+91-8738268604,swati.patel@yahoo.com,"No. 344, Bellandur Main Road, Bellandur, Bengaluru, Bengaluru Urban, Karnataka"
VICT053,Ajay,Nair,Male,30,Priest,+91-6387539768,ajay.nair@gmail.com,"No. 113, Kaikondrahalli Lane, Kaikondrahalli, Bengaluru, Bengaluru Urban, Karnataka"
VICT054,Sneha,Rao,Female,73,Fisherman,+91-7712138618,sneha.rao@gmail.com,"No. 9, JP Nagar 8th Phase Cross Road, JP Nagar 8th Phase, Bengaluru, Bengaluru Urban, Karnataka"
VICT055,Neha,Das,Female,19,Artist,+91-9315323434,neha.das@outlook.com,"No. 26, Sadashivanagar Temple Road, Sadashivanagar, Bengaluru, Bengaluru Urban, Karnataka"
VICT056,Jyoti,Mehta,Female,36,Painter,+91-9126510211,jyoti.mehta@gmail.com,"No. 137, Keerthi Nagar Double Road, Keerthi Nagar, Vijayapura, Vijayapura, Karnataka"
VICT057,Rajesh,Prasad,Male,24,Pharmacist,+91-7864328641,rajesh.prasad@yahoo.com,"No. 327, Jayalakshmipuram 2th Double Road, Jayalakshmipuram, Mysuru, Mysuru, Karnataka"
VICT058,Geeta,Choudhury,Female,64,Software Engineer,+91-6196786161,geeta.choudhury@outlook.com,"No. 73, PJ Extension Lane, PJ Extension, Davanagere, Davanagere, Karnataka"
VICT059,Ramesh,Reddy,Male,39,Teacher,+91-7981703408,ramesh.reddy36@gmail.com,"No. 24, Ramamurthy Nagar Lane, Ramamurthy Nagar, Bengaluru, Bengaluru Urban, Karnataka"
VICT060,Vinay,Choudhury,Male,71,Banker,+91-7770834356,vinay.choudhury@outlook.com,"No. 235, Chamundipuram Highway, Chamundipuram, Mysuru, Mysuru, Karnataka"
VICT061,Anil,Choudhury,Male,63,Station Master,+91-9167098614,anil.choudhury@yahoo.com,"No. 380, Keerthi Nagar 4th Church Road, Keerthi Nagar, Vijayapura, Vijayapura, Karnataka"
VICT062,Ritu,Mehta,Female,65,Shopkeeper,+91-7931265998,ritu.mehta@yahoo.com,"No. 348, Srinagar Cross Road, Srinagar, Bengaluru, Bengaluru Urban, Karnataka"
VICT063,Meena,Nair,Female,55,Taxi Driver,+91-8305364497,meena.nair@outlook.com,"No. 5, Ramamurthy Nagar Lane, Ramamurthy Nagar, Bengaluru, Bengaluru Urban, Karnataka"
VICT064,Pooja,Rao,Female,61,Government Servant,+91-8663270025,pooja.rao@gmail.com,"No. 157, Batawadi Highway, Batawadi, Tumakuru, Tumakuru, Karnataka"
VICT065,Manoj,Mishra,Male,60,Software Engineer,+91-6232867102,manoj.mishra@yahoo.com,"No. 300, Saptapur Main Road, Saptapur, Dharwad, Dharwad, Karnataka"
VICT066,Rahul,Patel,Male,20,Artist,+91-8263398951,rahul.patel@hotmail.com,"No. 412, Kudlu Gate 3th Lane, Kudlu Gate, Bengaluru, Bengaluru Urban, Karnataka"
VICT067,Vikram,Das,Male,26,Taxi Driver,+91-7305653841,vikram.das@hotmail.com,"No. 258, Madiwala Lane, Madiwala, Bengaluru, Bengaluru Urban, Karnataka"
VICT068,Preeti,Mishra,Female,45,Dancer,+91-9949070197,preeti.mishra@outlook.com,"No. 318, Kasavanahalli Cross Road, Kasavanahalli, Bengaluru, Bengaluru Urban, Karnataka"
VICT069,Priya,Nair,Female,26,Newspaper Vendor,+91-6475802915,priya.nair@outlook.com,"No. 247, Shastri Ward Temple Road, Shastri Ward, Yadgir, Yadgir, Karnataka"
VICT070,Priya,Singh,Female,65,Broker,+91-6755918616,priya.singh@gmail.com,"No. 320, SIT Extension 1th Lane, SIT Extension, Tumakuru, Tumakuru, Karnataka"
VICT071,Suresh,Gupta,Male,18,Government Servant,+91-6521053924,suresh.gupta@yahoo.com,"No. 431, Arekere Link Road, Arekere, Bengaluru, Bengaluru Urban, Karnataka"
VICT072,Geeta,Rao,Female,72,Gym Trainer,+91-6461861754,geeta.rao@outlook.com,"No. 342, Wilson Garden 5th Bypass Road, Wilson Garden, Bengaluru, Bengaluru Urban, Karnataka"
VICT073,Vinay,Jadav,Male,41,Yoga Instructor,+91-8361440450,vinay.jadav97@gmail.com,"No. 331, HSR Layout Sector 1 Road, HSR Layout, Bengaluru, Bengaluru Urban, Karnataka"
VICT074,Priya,Mishra,Female,79,Business Owner,+91-9840158295,priya.mishra@gmail.com,"No. 336, Jalahalli Lane, Jalahalli, Bengaluru, Bengaluru Urban, Karnataka"
VICT075,Anil,Chawla,Male,39,Singer,+91-7273396346,anil.chawla41@gmail.com,"No. 358, Kaikondrahalli Lane, Kaikondrahalli, Bengaluru, Bengaluru Urban, Karnataka"
VICT076,Babita,Chawla,Female,40,Broker,+91-9007264632,babita.chawla@yahoo.com,"No. 90, Banaswadi Galli, Banaswadi, Bengaluru, Bengaluru Urban, Karnataka"
VICT077,Jyoti,Gupta,Female,21,Potter,+91-8180768936,jyoti.gupta@hotmail.com,"No. 327, Domlur Station Road, Domlur, Bengaluru, Bengaluru Urban, Karnataka"
VICT078,Vikram,Das,Male,49,Actor,+91-8274570090,vikram.das@gmail.com,"No. 3, CV Raman Nagar Club Road, CV Raman Nagar, Bengaluru, Bengaluru Urban, Karnataka"
VICT079,Jyoti,Chawla,Female,52,Advocate,+91-8179648543,jyoti.chawla@yahoo.com,"No. 225, Outer Ring Road Hebbal, Hebbal, Bengaluru, Bengaluru Urban, Karnataka"
VICT080,Sneha,Gupta,Female,54,Chartered Accountant,+91-7721263299,sneha.gupta@outlook.com,"No. 361, Derebail Bazaar Street, Derebail, Mangaluru, Dakshina Kannada, Karnataka"
VICT081,Sunita,Joshi,Female,79,Dentist,+91-6525636585,sunita.joshi@outlook.com,"No. 17, 14th Main Road HSR, HSR Layout, Bengaluru, Bengaluru Urban, Karnataka"
VICT082,Jyoti,Das,Female,30,Station Master,+91-6157968209,jyoti.das@gmail.com,"No. 37, Jayalakshmipuram 2th Double Road, Jayalakshmipuram, Mysuru, Mysuru, Karnataka"
VICT083,Geeta,Gill,Female,77,Chartered Accountant,+91-9920056438,geeta.gill@yahoo.com,"No. 29, Hosur Road, Electronic City, Bengaluru, Bengaluru Urban, Karnataka"
VICT084,Vikram,Prasad,Male,56,Watchman,+91-6507644148,vikram.prasad@outlook.com,"No. 100, Bannimantap Bypass Road, Bannimantap, Mysuru, Mysuru, Karnataka"
VICT085,Jyoti,Verma,Female,33,Banker,+91-6527875907,jyoti.verma@gmail.com,"No. 30, Brigade Road, Brigade Road, Bengaluru, Bengaluru Urban, Karnataka"
VICT086,Ajay,Joshi,Male,36,Driver,+91-8362264102,ajay.joshi@yahoo.com,"No. 362, Ambalpady Galli, Ambalpady, Udupi, Udupi, Karnataka"
VICT087,Anjali,Rao,Female,63,Principal,+91-8726526509,anjali.rao@hotmail.com,"No. 41, Majestic Galli, Majestic, Bengaluru, Bengaluru Urban, Karnataka"
VICT088,Vijay,Yadav,Male,32,Pilot,+91-7177024790,vijay.yadav95@gmail.com,"No. 143, Gandhi Bazaar 5th Station Road, Gandhi Bazaar, Bengaluru, Bengaluru Urban, Karnataka"
VICT089,Kavita,Gupta,Female,21,Pharmacist,+91-9483021403,kavita.gupta@outlook.com,"No. 312, 100 Feet Road Koramangala, Koramangala, Bengaluru, Bengaluru Urban, Karnataka"
VICT090,Kiran,Chawla,Female,31,Student,+91-8768797859,kiran.chawla@outlook.com,"No. 238, Vidya Nagar Hassan Bazaar Street, Vidya Nagar Hassan, Hassan, Hassan, Karnataka"
VICT091,Babita,Chawla,Female,67,Travel Agent,+91-8137910790,babita.chawla1@yahoo.com,"No. 152, Galipur Galli, Galipur, Kolar, Kolar, Karnataka"
VICT092,Babita,Nair,Female,20,Potter,+91-8367861532,babita.nair@yahoo.com,"No. 237, Brahmpur Main Road, Brahmpur, Kalaburagi, Kalaburagi, Karnataka"
VICT093,Ajay,Sharma,Male,47,Farmer,+91-8482092630,ajay.sharma@yahoo.com,"No. 393, Kadirenahalli 2th Cross Road, Kadirenahalli, Bengaluru, Bengaluru Urban, Karnataka"
VICT094,Kiran,Jadav,Female,26,Banker,+91-7160106850,kiran.jadav@yahoo.com,"No. 366, Doddaballapur Road Yelahanka, Yelahanka, Bengaluru, Bengaluru Urban, Karnataka"
VICT095,Kiran,Sharma,Female,61,Peon,+91-6630452338,kiran.sharma@hotmail.com,"No. 329, MG Road, MG Road, Bengaluru, Bengaluru Urban, Karnataka"
VICT096,Kavita,Kumar,Female,19,Railway Conductor,+91-8346496109,kavita.kumar@gmail.com,"No. 312, Hennur Ring Road, Hennur, Bengaluru, Bengaluru Urban, Karnataka"
VICT097,Sunil,Yadav,Male,63,Insurance Agent,+91-8935617699,sunil.yadav@yahoo.com,"No. 258, Shastri Ward Temple Road, Shastri Ward, Yadgir, Yadgir, Karnataka"
VICT098,Sharda,Singh,Female,72,Call Center Executive,+91-6665315937,sharda.singh@outlook.com,"No. 234, Gottigere 5th Galli, Gottigere, Bengaluru, Bengaluru Urban, Karnataka"
VICT099,Anita,Patel,Female,46,Auto Driver,+91-8050342728,anita.patel@yahoo.com,"No. 126, Keelu Kote 4th Bazaar Street, Keelu Kote, Kolar, Kolar, Karnataka"
VICT100,Babita,Kumar,Female,56,Content Writer,+91-8314514811,babita.kumar@hotmail.com,"No. 86, Deverabeesanahalli Flyover Road, Bellandur, Bengaluru, Bengaluru Urban, Karnataka"
VICT101,Manoj,Das,Male,66,Secretary,+91-9710469189,manoj.das@hotmail.com,"No. 66, Bannimantap 2th Ring Road, Bannimantap, Mysuru, Mysuru, Karnataka"
VICT102,Sharda,Patel,Female,63,Professor,+91-6383617099,sharda.patel@hotmail.com,"No. 380, Super Market Bazaar Street, Super Market, Kalaburagi, Kalaburagi, Karnataka"
VICT103,Kavita,Jadav,Female,62,Business Owner,+91-7758510564,kavita.jadav@outlook.com,"No. 91, Gandhi Nagar Dharwad Bazaar Street, Gandhi Nagar Dharwad, Dharwad, Dharwad, Karnataka"
VICT104,Anita,Patel,Female,37,Astrologer,+91-8055592379,anita.patel@gmail.com,"No. 221, Hennur Gardens 5th Link Road, Hennur Gardens, Bengaluru, Bengaluru Urban, Karnataka"
VICT105,Babita,Gill,Female,38,Security Guard,+91-8212482997,babita.gill@yahoo.com,"No. 73, Cottonpet Double Road, Cottonpet, Bengaluru, Bengaluru Urban, Karnataka"
VICT106,Vikram,Prasad,Male,71,Insurance Agent,+91-7099570802,vikram.prasad23@gmail.com,"No. 267, Brahmpur Main Road, Brahmpur, Kalaburagi, Kalaburagi, Karnataka"
VICT107,Ajay,Choudhury,Male,76,Nurse,+91-6442897130,ajay.choudhury@yahoo.com,"No. 168, St Mark's Road, MG Road, Bengaluru, Bengaluru Urban, Karnataka"
VICT108,Karan,Banerjee,Male,35,Singer,+91-6739497386,karan.banerjee@gmail.com,"No. 126, Karthik Nagar Road, Marathahalli, Bengaluru, Bengaluru Urban, Karnataka"
VICT109,Vinay,Nair,Male,73,Laborer,+91-7218721898,vinay.nair@yahoo.com,"No. 223, ITPL Main Road, Whitefield, Bengaluru, Bengaluru Urban, Karnataka"
VICT110,Ramesh,Prasad,Male,57,Barber,+91-7066623598,ramesh.prasad@yahoo.com,"No. 343, Shanti Nagar Highway, Shanti Nagar, Bengaluru, Bengaluru Urban, Karnataka"
VICT111,Swati,Nair,Female,56,Peon,+91-9229874424,swati.nair@yahoo.com,"No. 164, Nittuvalli Galli, Nittuvalli, Davanagere, Davanagere, Karnataka"
VICT112,Anil,Nair,Male,63,Civil Engineer,+91-9886602284,anil.nair@outlook.com,"No. 346, Kathriguppe Highway, Kathriguppe, Bengaluru, Bengaluru Urban, Karnataka"
VICT113,Jyoti,Nair,Female,69,Actor,+91-9392738345,jyoti.nair@yahoo.com,"No. 106, Keelu Kote Cross Road, Keelu Kote, Kolar, Kolar, Karnataka"
VICT114,Sandip,Gill,Male,39,Civil Engineer,+91-6903733700,sandip.gill@yahoo.com,"No. 275, Vidyaranyapuram Mysuru 4th Station Road, Vidyaranyapuram Mysuru, Mysuru, Mysuru, Karnataka"
VICT115,Sanjay,Prasad,Male,43,Banker,+91-8893279009,sanjay.prasad@gmail.com,"No. 204, Indrali 5th Temple Road, Indrali, Udupi, Udupi, Karnataka"
VICT116,Priya,Joshi,Female,36,Principal,+91-6272217617,priya.joshi@outlook.com,"No. 40, Banashankari 2th Church Road, Banashankari, Bengaluru, Bengaluru Urban, Karnataka"
VICT117,Karan,Reddy,Male,19,Doctor,+91-7053887473,karan.reddy@hotmail.com,"No. 52, Ganga Nagar 3th Galli, Ganga Nagar, Bengaluru, Bengaluru Urban, Karnataka"
VICT118,Babita,Jadav,Female,42,Professor,+91-9095495204,babita.jadav@hotmail.com,"No. 391, Hampankatta Highway, Hampankatta, Mangaluru, Dakshina Kannada, Karnataka"
VICT119,Ajay,Patel,Male,54,Student,+91-9744131605,ajay.patel@yahoo.com,"No. 304, Batawadi Highway, Batawadi, Tumakuru, Tumakuru, Karnataka"
VICT120,Rajesh,Kumar,Male,43,Potter,+91-9587044780,rajesh.kumar@hotmail.com,"No. 138, Channasandra Main Road, Whitefield, Bengaluru, Bengaluru Urban, Karnataka"
VICT121,Harish,Jadav,Male,52,Astrologer,+91-8924457794,harish.jadav@gmail.com,"No. 66, Lalbagh Mangaluru 4th Cross Road, Lalbagh Mangaluru, Mangaluru, Dakshina Kannada, Karnataka"
VICT122,Sanjay,Yadav,Male,65,Carpenter,+91-7181846518,sanjay.yadav@hotmail.com,"No. 5, Camp Belagavi Church Road, Camp Belagavi, Belagavi, Belagavi, Karnataka"
VICT123,Anita,Reddy,Female,36,Dietician,+91-8563615267,anita.reddy@outlook.com,"No. 237, Gandhi Nagar Shivamogga Station Road, Gandhi Nagar Shivamogga, Shivamogga, Shivamogga, Karnataka"
VICT124,Sunil,Kumar,Male,28,Call Center Executive,+91-9041093165,sunil.kumar@outlook.com,"No. 32, Basavanagudi 4th Junction Road, Basavanagudi, Bengaluru, Bengaluru Urban, Karnataka"
VICT125,Geeta,Joshi,Female,22,Postman,+91-7301294737,geeta.joshi@outlook.com,"No. 278, Ncb Colony 4th Station Road, Ncb Colony, Hosapete, Vijayanagara, Karnataka"
VICT126,Rajesh,Chawla,Male,27,Sales Executive,+91-7221757375,rajesh.chawla1@outlook.com,"No. 108, Jayanagar Shivamogga Bypass Road, Jayanagar Shivamogga, Shivamogga, Shivamogga, Karnataka"
VICT127,Aarav,Patel,Male,31,Shopkeeper,+91-7140091844,aarav.patel@outlook.com,"No. 390, Indrali 5th Temple Road, Indrali, Udupi, Udupi, Karnataka"
VICT128,Arjun,Prasad,Male,43,Watchman,+91-9738306216,arjun.prasad@outlook.com,"No. 431, Murugeshpalya Temple Road, Murugeshpalya, Bengaluru, Bengaluru Urban, Karnataka"
VICT129,Sharda,Rao,Female,49,Veterinary Doctor,+91-8654303467,sharda.rao@yahoo.com,"No. 449, Ncb Colony Highway, Ncb Colony, Hosapete, Vijayanagara, Karnataka"
VICT130,Deepak,Mishra,Male,29,Doctor,+91-7450303296,deepak.mishra@gmail.com,"No. 329, Chickpet Cross Road, Chickpet, Bengaluru, Bengaluru Urban, Karnataka"
VICT131,Sneha,Verma,Female,62,Graphic Designer,+91-8698899644,sneha.verma@gmail.com,"No. 190, Double Road Indiranagar, Indiranagar, Bengaluru, Bengaluru Urban, Karnataka"
VICT132,Sandip,Kumar,Male,63,Waiter,+91-7081473828,sandip.kumar@gmail.com,"No. 429, Saraswathipuram Ring Road, Saraswathipuram, Mysuru, Mysuru, Karnataka"
VICT133,Neha,Chawla,Female,64,Sweeper,+91-6948608570,neha.chawla@hotmail.com,"No. 142, 3rd Block East Road Jayanagar, Jayanagar, Bengaluru, Bengaluru Urban, Karnataka"
VICT134,Karan,Reddy,Male,29,Washerman,+91-6351480909,karan.reddy@yahoo.com,"No. 96, Rajajinagar Temple Road, Rajajinagar, Bengaluru, Bengaluru Urban, Karnataka"
VICT135,Babita,Sharma,Female,67,Chef,+91-6230728691,babita.sharma@yahoo.com,"No. 28, Adugodi Bypass Road, Adugodi, Bengaluru, Bengaluru Urban, Karnataka"
VICT136,Kavita,Joshi,Female,35,Business Owner,+91-8482192403,kavita.joshi@outlook.com,"No. 396, JP Nagar Mysuru Ring Road, JP Nagar Mysuru, Mysuru, Mysuru, Karnataka"
VICT137,Neha,Verma,Female,78,Broker,+91-9159466239,neha.verma@outlook.com,"No. 263, Malleshwaram Highway, Malleshwaram, Bengaluru, Bengaluru Urban, Karnataka"
VICT138,Rohan,Mehta,Male,47,Content Writer,+91-6956443569,rohan.mehta@outlook.com,"No. 323, Banaswadi Galli, Banaswadi, Bengaluru, Bengaluru Urban, Karnataka"
VICT139,Aaradhya,Joshi,Female,44,Artist,+91-8391315746,aaradhya.joshi@hotmail.com,"No. 243, Camp Belagavi Church Road, Camp Belagavi, Belagavi, Belagavi, Karnataka"
VICT140,Rohan,Mishra,Male,56,Clerk,+91-9639879547,rohan.mishra@hotmail.com,"No. 84, Koramangala Valley Road, Koramangala, Bengaluru, Bengaluru Urban, Karnataka"
VICT141,Rahul,Gill,Male,79,Cyber Cafe Owner,+91-7951670071,rahul.gill@outlook.com,"No. 203, KB Extension Station Road, KB Extension, Davanagere, Davanagere, Karnataka"
VICT142,Ajay,Sharma,Male,60,Homemaker,+91-7830220268,ajay.sharma@outlook.com,"No. 245, Channasandra Main Road, Whitefield, Bengaluru, Bengaluru Urban, Karnataka"
VICT143,Anil,Singh,Male,48,Secretary,+91-9696877017,anil.singh@yahoo.com,"No. 396, Camp Belagavi Church Road, Camp Belagavi, Belagavi, Belagavi, Karnataka"
VICT144,Kavita,Reddy,Female,56,Vegetable Vendor,+91-6369081235,kavita.reddy@gmail.com,"No. 40, Shahapur Belagavi Galli, Shahapur Belagavi, Belagavi, Belagavi, Karnataka"
VICT145,Vijay,Jadav,Male,30,Driver,+91-7303113642,vijay.jadav@hotmail.com,"No. 84, Peenya Temple Road, Peenya, Bengaluru, Bengaluru Urban, Karnataka"
VICT146,Renu,Singh,Female,47,Chartered Accountant,+91-8618803534,renu.singh@hotmail.com,"No. 217, Nehru Nagar Junction Road, Nehru Nagar, Belagavi, Belagavi, Karnataka"
VICT147,Rahul,Reddy,Male,34,Washerman,+91-6684343537,rahul.reddy@hotmail.com,"No. 389, Ravindra Nagar 3th Galli, Ravindra Nagar, Hassan, Hassan, Karnataka"
VICT148,Sunita,Kumar,Female,18,Clerk,+91-8187402143,sunita.kumar55@gmail.com,"No. 218, Chikkalasandra Bypass Road, Chikkalasandra, Bengaluru, Bengaluru Urban, Karnataka"
VICT149,Kavita,Sharma,Female,52,Architect,+91-7244201753,kavita.sharma@yahoo.com,"No. 274, Banashankari 2th Church Road, Banashankari, Bengaluru, Bengaluru Urban, Karnataka"
VICT150,Vijay,Kumar,Male,58,Astrologer,+91-9834699985,vijay.kumar@gmail.com,"No. 168, Brigade Road, Brigade Road, Bengaluru, Bengaluru Urban, Karnataka"
VICT151,Priya,Kumar,Female,56,Washerman,+91-6390974092,priya.kumar@gmail.com,"No. 60, Saptapur Main Road, Saptapur, Dharwad, Dharwad, Karnataka"
VICT152,Vinay,Das,Male,37,Potter,+91-7605292615,vinay.das@gmail.com,"No. 93, Camp Belagavi Church Road, Camp Belagavi, Belagavi, Belagavi, Karnataka"
VICT153,Kiran,Sharma,Female,44,Barber,+91-6762476027,kiran.sharma@yahoo.com,"No. 314, Bagalur Main Road, Yelahanka, Bengaluru, Bengaluru Urban, Karnataka"
VICT154,Geeta,Rao,Female,55,Taxi Driver,+91-8545338184,geeta.rao@yahoo.com,"No. 131, Derebail Bazaar Street, Derebail, Mangaluru, Dakshina Kannada, Karnataka"
VICT155,Priya,Chawla,Female,79,Chartered Accountant,+91-9532932360,priya.chawla@yahoo.com,"No. 290, Bannimantap Bypass Road, Bannimantap, Mysuru, Mysuru, Karnataka"
VICT156,Jyoti,Sharma,Female,66,Dentist,+91-9935391321,jyoti.sharma@outlook.com,"No. 443, Peenya Temple Road, Peenya, Bengaluru, Bengaluru Urban, Karnataka"
VICT157,Deepak,Prasad,Male,44,Peon,+91-7453318973,deepak.prasad@hotmail.com,"No. 440, Jigani 3th Main Road, Jigani, Bengaluru, Bengaluru Urban, Karnataka"
VICT158,Swati,Rao,Female,36,Musician,+91-7912534193,swati.rao@hotmail.com,"No. 211, Gokul Road 5th Station Road, Gokul Road, Hubballi, Dharwad, Karnataka"
VICT159,Aarav,Gill,Male,32,Business Owner,+91-6579325403,aarav.gill@hotmail.com,"No. 262, Dam Road Bazaar Street, Dam Road, Hosapete, Vijayanagara, Karnataka"
VICT160,Sanjay,Rao,Male,41,Journalist,+91-7471100546,sanjay.rao81@gmail.com,"No. 408, JP Nagar 8th Phase Cross Road, JP Nagar 8th Phase, Bengaluru, Bengaluru Urban, Karnataka"
VICT161,Ajay,Yadav,Male,59,Nurse,+91-8892707645,ajay.yadav@hotmail.com,"No. 37, Ullal Link Road, Ullal, Mangaluru, Dakshina Kannada, Karnataka"
VICT162,Kiran,Prasad,Female,25,Weaver,+91-6480887039,kiran.prasad@hotmail.com,"No. 404, Saraswatpur Dharwad Cross Road, Saraswatpur Dharwad, Dharwad, Dharwad, Karnataka"
VICT163,Suresh,Kumar,Male,72,Content Writer,+91-6736124236,suresh.kumar62@gmail.com,"No. 386, Manipal Main Road, Manipal, Udupi, Udupi, Karnataka"
VICT164,Rohan,Banerjee,Male,36,Veterinary Doctor,+91-9342201508,rohan.banerjee@outlook.com,"No. 158, Shanti Nagar Highway, Shanti Nagar, Bengaluru, Bengaluru Urban, Karnataka"
VICT165,Vinay,Choudhury,Male,48,Actor,+91-8181682285,vinay.choudhury@yahoo.com,"No. 7, Sadashiva Nagar Nelamangala Galli, Sadashiva Nagar Nelamangala, Nelamangala, Bengaluru Rural, Karnataka"
VICT166,Ritu,Yadav,Female,65,Travel Agent,+91-9499655539,ritu.yadav@yahoo.com,"No. 247, Chidri Lane, Chidri, Bidar, Bidar, Karnataka"
VICT167,Ramesh,Nair,Male,18,Yoga Instructor,+91-6332277634,ramesh.nair@gmail.com,"No. 117, Chidri Lane, Chidri, Bidar, Bidar, Karnataka"
VICT168,Anil,Verma,Male,43,Cobbler,+91-6952985074,anil.verma@yahoo.com,"No. 132, Kumaraswamy Layout Station Road, Kumaraswamy Layout, Bengaluru, Bengaluru Urban, Karnataka"
VICT169,Arjun,Patel,Male,62,Singer,+91-7065018095,arjun.patel89@gmail.com,"No. 117, Hennur Gardens Lane, Hennur Gardens, Bengaluru, Bengaluru Urban, Karnataka"
VICT170,Vinay,Chawla,Male,48,Dancer,+91-6573611015,vinay.chawla@yahoo.com,"No. 154, Kyathasandra Bazaar Street, Kyathasandra, Tumakuru, Tumakuru, Karnataka"
VICT171,Vinay,Reddy,Male,73,Nurse,+91-9718640764,vinay.reddy@yahoo.com,"No. 260, Vijayanagar Cross Road, Vijayanagar, Mysuru, Mysuru, Karnataka"
VICT172,Renu,Choudhury,Female,78,Courier Delivery Boy,+91-8253656171,renu.choudhury@gmail.com,"No. 261, Singasandra 3th Station Road, Singasandra, Bengaluru, Bengaluru Urban, Karnataka"
VICT173,Swati,Joshi,Female,29,Bus Conductor,+91-8083681123,swati.joshi@outlook.com,"No. 393, Singasandra 3th Station Road, Singasandra, Bengaluru, Bengaluru Urban, Karnataka"
VICT174,Anita,Choudhury,Female,77,Potter,+91-7511778619,anita.choudhury@hotmail.com,"No. 400, Gokul Road Galli, Gokul Road, Hubballi, Dharwad, Karnataka"
VICT175,Anjali,Das,Female,48,Principal,+91-8133744347,anjali.das29@gmail.com,"No. 210, Tavarekere Main Road, BTM Layout, Bengaluru, Bengaluru Urban, Karnataka"
VICT176,Pooja,Rao,Female,67,Pharmacist,+91-6826280435,pooja.rao@yahoo.com,"No. 317, Kammasandra Temple Road, Kammasandra, Bengaluru, Bengaluru Urban, Karnataka"
VICT177,Kiran,Singh,Female,22,Photographer,+91-7347490669,kiran.singh@hotmail.com,"No. 144, Uttarahalli Club Road, Uttarahalli, Bengaluru, Bengaluru Urban, Karnataka"
VICT178,Priya,Singh,Female,21,Washerman,+91-8239117374,priya.singh@yahoo.com,"No. 302, Frazer Town Cross Road, Frazer Town, Bengaluru, Bengaluru Urban, Karnataka"
VICT179,Babita,Mehta,Female,53,Shopkeeper,+91-9257252070,babita.mehta@outlook.com,"No. 396, Vidyaranyapuram Mysuru Galli, Vidyaranyapuram Mysuru, Mysuru, Mysuru, Karnataka"
VICT180,Deepa,Joshi,Female,38,Dancer,+91-7436727014,deepa.joshi@hotmail.com,"No. 409, Kyathasandra Bazaar Street, Kyathasandra, Tumakuru, Tumakuru, Karnataka"
VICT181,Karan,Verma,Male,76,Insurance Agent,+91-8040577456,karan.verma@gmail.com,"No. 48, Shastri Ward Temple Road, Shastri Ward, Yadgir, Yadgir, Karnataka"
VICT182,Harish,Joshi,Male,69,Insurance Agent,+91-6546106848,harish.joshi@yahoo.com,"No. 38, Kuvempunagar Cross Road, Kuvempunagar, Mysuru, Mysuru, Karnataka"
VICT183,Vinay,Banerjee,Male,47,Call Center Executive,+91-9842630318,vinay.banerjee@outlook.com,"No. 235, Ravindra Nagar 3th Galli, Ravindra Nagar, Hassan, Hassan, Karnataka"
VICT184,Vinay,Mishra,Male,75,Contractor,+91-7113159013,vinay.mishra@gmail.com,"No. 446, Harlur Road 4th Ring Road, Harlur Road, Bengaluru, Bengaluru Urban, Karnataka"
VICT185,Anjali,Mehta,Female,30,Principal,+91-7429231848,anjali.mehta@hotmail.com,"No. 228, 100 Feet Road Koramangala, Koramangala, Bengaluru, Bengaluru Urban, Karnataka"
VICT186,Deepak,Verma,Male,46,Actor,+91-9175195551,deepak.verma@yahoo.com,"No. 251, Varthur 2th Double Road, Varthur, Bengaluru, Bengaluru Urban, Karnataka"
VICT187,Meena,Reddy,Female,30,Barber,+91-6732140848,meena.reddy40@gmail.com,"No. 159, Vidyaranyapuram Mysuru Galli, Vidyaranyapuram Mysuru, Mysuru, Mysuru, Karnataka"
VICT188,Manoj,Choudhury,Male,32,Cyber Cafe Owner,+91-6688097808,manoj.choudhury@yahoo.com,"No. 5, Shastri Ward Temple Road, Shastri Ward, Yadgir, Yadgir, Karnataka"
VICT189,Karan,Kumar,Male,26,Veterinary Doctor,+91-9708863411,karan.kumar@yahoo.com,"No. 187, Dasarahalli Temple Road, Dasarahalli, Bengaluru, Bengaluru Urban, Karnataka"
VICT190,Sanjay,Sharma,Male,49,Barber,+91-8438600047,sanjay.sharma@yahoo.com,"No. 24, Hindwadi Lane, Hindwadi, Belagavi, Belagavi, Karnataka"
VICT191,Geeta,Yadav,Female,28,Delivery Partner,+91-6080914985,geeta.yadav@yahoo.com,"No. 160, Whitefield Main Road, Whitefield, Bengaluru, Bengaluru Urban, Karnataka"
VICT192,Swati,Das,Female,26,Railway Conductor,+91-8960485158,swati.das@yahoo.com,"No. 338, Jigani 3th Main Road, Jigani, Bengaluru, Bengaluru Urban, Karnataka"
VICT193,Suresh,Nair,Male,36,Potter,+91-6227374559,suresh.nair@outlook.com,"No. 168, Kaikondrahalli 5th Ring Road, Kaikondrahalli, Bengaluru, Bengaluru Urban, Karnataka"
VICT194,Ritu,Kumar,Female,55,Farmer,+91-9679068230,ritu.kumar@hotmail.com,"No. 440, SIT Extension Church Road, SIT Extension, Tumakuru, Tumakuru, Karnataka"
VICT195,Deepa,Chawla,Female,43,Musician,+91-7424765391,deepa.chawla@outlook.com,"No. 396, Kyathasandra Bazaar Street, Kyathasandra, Tumakuru, Tumakuru, Karnataka"
VICT196,Anita,Banerjee,Female,66,Travel Agent,+91-8036912415,anita.banerjee@outlook.com,"No. 448, Sarjapur Road Cross Road, Sarjapur Road, Bengaluru, Bengaluru Urban, Karnataka"
VICT197,Kavita,Rao,Female,45,Secretary,+91-6991885167,kavita.rao@yahoo.com,"No. 270, Bannimantap 2th Ring Road, Bannimantap, Mysuru, Mysuru, Karnataka"
VICT198,Vinay,Yadav,Male,51,Electrician,+91-8569116682,vinay.yadav@yahoo.com,"No. 313, Karanjikatte Lane, Karanjikatte, Kolar, Kolar, Karnataka"
VICT199,Deepa,Das,Female,21,Newspaper Vendor,+91-8354437207,deepa.das@outlook.com,"No. 376, Hennur Gardens Lane, Hennur Gardens, Bengaluru, Bengaluru Urban, Karnataka"
VICT200,Amit,Reddy,Male,26,Homemaker,+91-9878927631,amit.reddy@outlook.com,"No. 116, MG Road, MG Road, Bengaluru, Bengaluru Urban, Karnataka"
VICT201,Pooja,Nair,Female,25,Broker,+91-7212365575,pooja.nair@yahoo.com,"No. 153, Gandhi Nagar Dharwad Bazaar Street, Gandhi Nagar Dharwad, Dharwad, Dharwad, Karnataka"
VICT202,Harish,Gill,Male,47,Government Servant,+91-6877890826,harish.gill@hotmail.com,"No. 87, Sadashiva Nagar Nelamangala Galli, Sadashiva Nagar Nelamangala, Nelamangala, Bengaluru Rural, Karnataka"
VICT203,Kavita,Patel,Female,51,Sales Executive,+91-6965386894,kavita.patel@gmail.com,"No. 432, Majestic Galli, Majestic, Bengaluru, Bengaluru Urban, Karnataka"
VICT204,Kiran,Yadav,Female,39,Taxi Driver,+91-8901824561,kiran.yadav@hotmail.com,"No. 311, Ncb Colony 4th Station Road, Ncb Colony, Hosapete, Vijayanagara, Karnataka"
VICT205,Geeta,Yadav,Female,73,Yoga Instructor,+91-9018600925,geeta.yadav@hotmail.com,"No. 368, Tilakwadi Bypass Road, Tilakwadi, Belagavi, Belagavi, Karnataka"
VICT206,Anil,Rao,Male,72,Singer,+91-6986760509,anil.rao@gmail.com,"No. 212, Shanti Nagar Highway, Shanti Nagar, Bengaluru, Bengaluru Urban, Karnataka"
VICT207,Ajay,Das,Male,40,Physiotherapist,+91-8392736671,ajay.das@outlook.com,"No. 386, Nehru Nagar Junction Road, Nehru Nagar, Belagavi, Belagavi, Karnataka"
VICT208,Neha,Jadav,Female,72,Shopkeeper,+91-8358933904,neha.jadav@hotmail.com,"No. 388, Kodigehalli Galli, Kodigehalli, Bengaluru, Bengaluru Urban, Karnataka"
VICT209,Deepa,Das,Female,72,Priest,+91-8343110135,deepa.das1@outlook.com,"No. 276, Ncb Colony Highway, Ncb Colony, Hosapete, Vijayanagara, Karnataka"
VICT210,Deepak,Gill,Male,62,Advocate,+91-7079681331,deepak.gill30@gmail.com,"No. 433, Banaswadi Galli, Banaswadi, Bengaluru, Bengaluru Urban, Karnataka"
VICT211,Geeta,Chawla,Female,80,Chartered Accountant,+91-8940562489,geeta.chawla@yahoo.com,"No. 226, Jigani 3th Main Road, Jigani, Bengaluru, Bengaluru Urban, Karnataka"
VICT212,Vijay,Sharma,Male,36,Photographer,+91-6844591153,vijay.sharma@hotmail.com,"No. 362, Kathriguppe Highway, Kathriguppe, Bengaluru, Bengaluru Urban, Karnataka"
VICT213,Kiran,Reddy,Female,41,Sweeper,+91-7339189251,kiran.reddy@hotmail.com,"No. 161, Keelu Kote Cross Road, Keelu Kote, Kolar, Kolar, Karnataka"
VICT214,Sandip,Patel,Male,64,Postman,+91-7450644915,sandip.patel@gmail.com,"No. 245, Jayalakshmipuram 2th Double Road, Jayalakshmipuram, Mysuru, Mysuru, Karnataka"
VICT215,Rajesh,Mishra,Male,22,Pharmacist,+91-8977479924,rajesh.mishra32@gmail.com,"No. 120, Kuvempunagar Cross Road, Kuvempunagar, Mysuru, Mysuru, Karnataka"
VICT216,Pooja,Prasad,Female,80,Physiotherapist,+91-8890757004,pooja.prasad@yahoo.com,"No. 128, New BEL Road Lane, New BEL Road, Bengaluru, Bengaluru Urban, Karnataka"
VICT217,Sanjay,Sharma,Male,59,Astrologer,+91-6304768348,sanjay.sharma1@yahoo.com,"No. 160, Vijayanagar Bypass Road, Vijayanagar, Bengaluru, Bengaluru Urban, Karnataka"
VICT218,Neha,Reddy,Female,74,Graphic Designer,+91-9022360402,neha.reddy@gmail.com,"No. 31, Patel Nagar Hosapete Galli, Patel Nagar Hosapete, Hosapete, Vijayanagara, Karnataka"
VICT219,Anita,Joshi,Female,18,Call Center Executive,+91-6030958916,anita.joshi62@gmail.com,"No. 112, Keelu Kote Cross Road, Keelu Kote, Kolar, Kolar, Karnataka"
VICT220,Anita,Kumar,Female,56,Gardener,+91-7878118005,anita.kumar@gmail.com,"No. 150, Tavarekere Main Road, Tavarekere, Bengaluru, Bengaluru Urban, Karnataka"
VICT221,Anil,Joshi,Male,55,Travel Agent,+91-7946999953,anil.joshi@hotmail.com,"No. 343, Hoodi 4th Temple Road, Hoodi, Bengaluru, Bengaluru Urban, Karnataka"
VICT222,Sunil,Patel,Male,41,Homemaker,+91-7947009486,sunil.patel@gmail.com,"No. 47, Ganesh Nagar Bidar Link Road, Ganesh Nagar Bidar, Bidar, Bidar, Karnataka"
VICT223,Renu,Chawla,Female,54,Cyber Cafe Owner,+91-9762172643,renu.chawla@hotmail.com,"No. 252, 80 Feet Road Koramangala, Koramangala, Bengaluru, Bengaluru Urban, Karnataka"
VICT224,Sunil,Prasad,Male,48,Potter,+91-9397765093,sunil.prasad@yahoo.com,"No. 379, Madiwala Lane, Madiwala, Bengaluru, Bengaluru Urban, Karnataka"
VICT225,Harish,Sharma,Male,21,Principal,+91-9190887513,harish.sharma@gmail.com,"No. 51, Horamavu Agara 2th Galli, Horamavu Agara, Bengaluru, Bengaluru Urban, Karnataka"
VICT226,Neha,Patel,Female,63,Cabin Crew,+91-6745603912,neha.patel@yahoo.com,"No. 91, Kuvempunagar Cross Road, Kuvempunagar, Mysuru, Mysuru, Karnataka"
VICT227,Anjali,Mishra,Female,76,Newspaper Vendor,+91-6156296793,anjali.mishra@outlook.com,"No. 354, Bhagya Nagar Ring Road, Bhagya Nagar, Belagavi, Belagavi, Karnataka"
VICT228,Manoj,Reddy,Male,42,Pharmacist,+91-7846636462,manoj.reddy@gmail.com,"No. 82, Hoodi 4th Temple Road, Hoodi, Bengaluru, Bengaluru Urban, Karnataka"
VICT229,Sunita,Joshi,Female,52,Railway Conductor,+91-7926935251,sunita.joshi@gmail.com,"No. 422, Tilakwadi 1th Church Road, Tilakwadi, Belagavi, Belagavi, Karnataka"
VICT230,Rajesh,Prasad,Male,72,Astrologer,+91-7194128178,rajesh.prasad1@yahoo.com,"No. 316, Vidyagiri 4th Station Road, Vidyagiri, Dharwad, Dharwad, Karnataka"
VICT231,Preeti,Kumar,Female,46,Blacksmith,+91-6659770018,preeti.kumar@outlook.com,"No. 180, Jalahalli Lane, Jalahalli, Bengaluru, Bengaluru Urban, Karnataka"
VICT232,Deepa,Verma,Female,43,Watchman,+91-7952637048,deepa.verma@outlook.com,"No. 83, Patel Nagar Hosapete Galli, Patel Nagar Hosapete, Hosapete, Vijayanagara, Karnataka"
VICT233,Harish,Banerjee,Male,21,Nurse,+91-6456193112,harish.banerjee@hotmail.com,"No. 289, ITPL Main Road, Whitefield, Bengaluru, Bengaluru Urban, Karnataka"
VICT234,Deepak,Chawla,Male,25,Laborer,+91-6506996264,deepak.chawla@yahoo.com,"No. 314, Manipal Main Road, Manipal, Udupi, Udupi, Karnataka"
VICT235,Ritu,Rao,Female,48,Government Servant,+91-9531619983,ritu.rao@gmail.com,"No. 413, Saptapur Main Road, Saptapur, Dharwad, Dharwad, Karnataka"
VICT236,Pooja,Verma,Female,47,Auto Driver,+91-7916248449,pooja.verma@hotmail.com,"No. 173, Chamundipuram Highway, Chamundipuram, Mysuru, Mysuru, Karnataka"
VICT237,Sneha,Kumar,Female,64,Call Center Executive,+91-7275977348,sneha.kumar@hotmail.com,"No. 330, Lalbagh Mangaluru Galli, Lalbagh Mangaluru, Mangaluru, Dakshina Kannada, Karnataka"
VICT238,Deepa,Nair,Female,27,Artist,+91-6549984138,deepa.nair@hotmail.com,"No. 222, Mailoor Lane, Mailoor, Bidar, Bidar, Karnataka"
VICT239,Ajay,Sharma,Male,62,Barber,+91-9519676581,ajay.sharma1@outlook.com,"No. 126, Vinoba Nagar Club Road, Vinoba Nagar, Shivamogga, Shivamogga, Karnataka"
VICT240,Ramesh,Banerjee,Male,57,Potter,+91-6670080839,ramesh.banerjee@yahoo.com,"No. 110, Frazer Town Cross Road, Frazer Town, Bengaluru, Bengaluru Urban, Karnataka"
VICT241,Sunita,Mishra,Female,57,Cabin Crew,+91-9472159145,sunita.mishra@hotmail.com,"No. 288, Richards Town Galli, Richards Town, Bengaluru, Bengaluru Urban, Karnataka"
VICT242,Kiran,Patel,Female,80,Nurse,+91-7900844759,kiran.patel@outlook.com,"No. 300, Narayanpur Dharwad Galli, Narayanpur Dharwad, Dharwad, Dharwad, Karnataka"
VICT243,Ajay,Sharma,Male,80,Priest,+91-8898013319,ajay.sharma1@yahoo.com,"No. 150, Kudlu Gate Club Road, Kudlu Gate, Bengaluru, Bengaluru Urban, Karnataka"
VICT244,Anil,Gill,Male,80,Astrologer,+91-6659325990,anil.gill@outlook.com,"No. 27, Lingarajapuram 3th Club Road, Lingarajapuram, Bengaluru, Bengaluru Urban, Karnataka"
VICT245,Rahul,Das,Male,46,Bus Conductor,+91-8077405196,rahul.das@gmail.com,"No. 195, Ejipura Galli, Ejipura, Bengaluru, Bengaluru Urban, Karnataka"
VICT246,Ramesh,Nair,Male,42,Farmer,+91-8638874397,ramesh.nair@yahoo.com,"No. 145, Batawadi Highway, Batawadi, Tumakuru, Tumakuru, Karnataka"
VICT247,Sunita,Rao,Female,76,Yoga Instructor,+91-6898801721,sunita.rao@gmail.com,"No. 293, Benson Town Bazaar Street, Benson Town, Bengaluru, Bengaluru Urban, Karnataka"
VICT248,Rajesh,Gupta,Male,18,Doctor,+91-8861684871,rajesh.gupta@gmail.com,"No. 361, Tavarekere Main Road, BTM Layout, Bengaluru, Bengaluru Urban, Karnataka"
VICT249,Vikram,Gupta,Male,29,Shopkeeper,+91-6072003541,vikram.gupta@hotmail.com,"No. 241, Kodigehalli Galli, Kodigehalli, Bengaluru, Bengaluru Urban, Karnataka"
VICT250,Babita,Verma,Female,46,Plumber,+91-6092851171,babita.verma@outlook.com,"No. 84, Bannerghatta Road Highway, Bannerghatta Road, Bengaluru, Bengaluru Urban, Karnataka"
VICT251,Babita,Choudhury,Female,56,Auto Driver,+91-8223208621,babita.choudhury@gmail.com,"No. 253, Bagalur Main Road, Yelahanka, Bengaluru, Bengaluru Urban, Karnataka"
VICT252,Priya,Gill,Female,66,Bus Conductor,+91-6684963796,priya.gill@gmail.com,"No. 135, Ambedkar Nagar Yadgir Station Road, Ambedkar Nagar Yadgir, Yadgir, Yadgir, Karnataka"
VICT253,Preeti,Mishra,Female,65,Sculptor,+91-8473915034,preeti.mishra@hotmail.com,"No. 408, Harlur Road Lane, Harlur Road, Bengaluru, Bengaluru Urban, Karnataka"
VICT254,Preeti,Rao,Female,46,Government Servant,+91-7739873813,preeti.rao@hotmail.com,"No. 78, Mathikere Club Road, Mathikere, Bengaluru, Bengaluru Urban, Karnataka"
VICT255,Vikram,Singh,Male,19,Vegetable Vendor,+91-9130339524,vikram.singh@hotmail.com,"No. 223, Saptapur Main Road, Saptapur, Dharwad, Dharwad, Karnataka"
VICT256,Ramesh,Verma,Male,40,Sales Executive,+91-6976154249,ramesh.verma@yahoo.com,"No. 323, Lakshmipuram Station Road, Lakshmipuram, Mysuru, Mysuru, Karnataka"
VICT257,Geeta,Reddy,Female,57,Carpenter,+91-7533615403,geeta.reddy@yahoo.com,"No. 168, Hennur Gardens 5th Link Road, Hennur Gardens, Bengaluru, Bengaluru Urban, Karnataka"
VICT258,Sunil,Jadav,Male,68,Pharmacist,+91-8531136925,sunil.jadav@yahoo.com,"No. 251, Uttarahalli Club Road, Uttarahalli, Bengaluru, Bengaluru Urban, Karnataka"
VICT259,Aaradhya,Banerjee,Female,50,Security Guard,+91-9760468924,aaradhya.banerjee@yahoo.com,"No. 365, Chickpet 4th Bazaar Street, Chickpet, Bengaluru, Bengaluru Urban, Karnataka"
VICT260,Anil,Verma,Male,48,Photographer,+91-7638412396,anil.verma1@yahoo.com,"No. 306, Sanjaynagar Double Road, Sanjaynagar, Bengaluru, Bengaluru Urban, Karnataka"
VICT261,Rahul,Verma,Male,65,Painter,+91-8237822206,rahul.verma@hotmail.com,"No. 189, Church Street, Brigade Road, Bengaluru, Bengaluru Urban, Karnataka"
VICT262,Pooja,Rao,Female,58,Watchman,+91-7571227411,pooja.rao1@gmail.com,"No. 27, Kadugodi 3th Junction Road, Kadugodi, Bengaluru, Bengaluru Urban, Karnataka"
VICT263,Sharda,Jadav,Female,41,Homemaker,+91-8830431676,sharda.jadav@outlook.com,"No. 388, Shastri Ward Temple Road, Shastri Ward, Yadgir, Yadgir, Karnataka"
VICT264,Karan,Verma,Male,64,Civil Engineer,+91-9001592793,karan.verma@hotmail.com,"No. 385, Gokulam 2th Temple Road, Gokulam, Mysuru, Mysuru, Karnataka"
VICT265,Ramesh,Nair,Male,52,Mechanic,+91-9631884192,ramesh.nair1@yahoo.com,"No. 331, Tavarekere Main Road, BTM Layout, Bengaluru, Bengaluru Urban, Karnataka"
VICT266,Amit,Patel,Male,48,Driver,+91-6221853760,amit.patel@outlook.com,"No. 13, Kunjibettu Ring Road, Kunjibettu, Udupi, Udupi, Karnataka"
VICT267,Sharda,Gupta,Female,20,Tailor,+91-6250753812,sharda.gupta@gmail.com,"No. 137, Okalipuram Ring Road, Okalipuram, Bengaluru, Bengaluru Urban, Karnataka"
VICT268,Renu,Nair,Female,28,Tailor,+91-8332120665,renu.nair@hotmail.com,"No. 95, Hebbal Kempapura Main Road, Hebbal Kempapura, Bengaluru, Bengaluru Urban, Karnataka"
VICT269,Amit,Nair,Male,69,Sales Executive,+91-7257868830,amit.nair@yahoo.com,"No. 432, Shastri Ward 1th Highway, Shastri Ward, Yadgir, Yadgir, Karnataka"
VICT270,Deepa,Yadav,Female,19,Pilot,+91-6213477437,deepa.yadav@hotmail.com,"No. 288, Ashok Nagar Tumkur Bypass Road, Ashok Nagar Tumkur, Tumakuru, Tumakuru, Karnataka"
VICT271,Anjali,Gupta,Female,57,Sales Executive,+91-6868993351,anjali.gupta@gmail.com,"No. 111, Kadri Highway, Kadri, Mangaluru, Dakshina Kannada, Karnataka"
VICT272,Manoj,Mishra,Male,22,Pharmacist,+91-9620114999,manoj.mishra@gmail.com,"No. 244, 14th Main Road HSR, HSR Layout, Bengaluru, Bengaluru Urban, Karnataka"
VICT273,Aarav,Singh,Male,23,Journalist,+91-9855274710,aarav.singh@hotmail.com,"No. 20, 14th Main Road HSR, HSR Layout, Bengaluru, Bengaluru Urban, Karnataka"
VICT274,Jyoti,Rao,Female,44,Waiter,+91-6500722480,jyoti.rao@outlook.com,"No. 121, Sanjaynagar Double Road, Sanjaynagar, Bengaluru, Bengaluru Urban, Karnataka"
VICT275,Aaradhya,Verma,Female,73,Supervisor,+91-9577772038,aaradhya.verma@yahoo.com,"No. 338, Lalbagh Mangaluru Galli, Lalbagh Mangaluru, Mangaluru, Dakshina Kannada, Karnataka"
VICT276,Sharda,Prasad,Female,27,Railway Conductor,+91-8453971686,sharda.prasad@hotmail.com,"No. 222, Vidyaranyapuram Mysuru Galli, Vidyaranyapuram Mysuru, Mysuru, Mysuru, Karnataka"
VICT277,Sandip,Das,Male,74,Business Owner,+91-8964568399,sandip.das@yahoo.com,"No. 277, Gokulam Galli, Gokulam, Mysuru, Mysuru, Karnataka"
VICT278,Vinay,Kumar,Male,80,Barber,+91-9041501096,vinay.kumar@yahoo.com,"No. 351, Bannerghatta Road Highway, Bannerghatta Road, Bengaluru, Bengaluru Urban, Karnataka"
VICT279,Swati,Singh,Female,38,Gardener,+91-9582347164,swati.singh@yahoo.com,"No. 407, Whitefield Main Road, Whitefield, Bengaluru, Bengaluru Urban, Karnataka"
VICT280,Ramesh,Kumar,Male,76,Advocate,+91-8248508001,ramesh.kumar@yahoo.com,"No. 35, MG Road, MG Road, Bengaluru, Bengaluru Urban, Karnataka"
VICT281,Preeti,Singh,Female,45,Peon,+91-9053336965,preeti.singh@hotmail.com,"No. 256, 27th Main Road HSR, HSR Layout, Bengaluru, Bengaluru Urban, Karnataka"
VICT282,Ritu,Sharma,Female,34,Cyber Cafe Owner,+91-9835066394,ritu.sharma@gmail.com,"No. 20, Kulshekar 3th Bypass Road, Kulshekar, Mangaluru, Dakshina Kannada, Karnataka"
VICT283,Sunita,Jadav,Female,34,Receptionist,+91-6077947290,sunita.jadav@outlook.com,"No. 398, Dam Road Bazaar Street, Dam Road, Hosapete, Vijayanagara, Karnataka"
VICT284,Deepa,Gill,Female,44,Security Guard,+91-6656050125,deepa.gill1@gmail.com,"No. 300, Chikkalasandra Bypass Road, Chikkalasandra, Bengaluru, Bengaluru Urban, Karnataka"
VICT285,Karan,Jadav,Male,29,Musician,+91-8806469042,karan.jadav@hotmail.com,"No. 396, Jalahalli 3th Double Road, Jalahalli, Bengaluru, Bengaluru Urban, Karnataka"
VICT286,Priya,Choudhury,Female,29,Laborer,+91-8854789111,priya.choudhury@gmail.com,"No. 255, Gandhi Nagar Dharwad Bazaar Street, Gandhi Nagar Dharwad, Dharwad, Dharwad, Karnataka"
VICT287,Jyoti,Sharma,Female,63,Call Center Executive,+91-8614254029,jyoti.sharma1@outlook.com,"No. 206, Savalanga Road Church Road, Savalanga Road, Shivamogga, Shivamogga, Karnataka"
VICT288,Vijay,Singh,Male,19,Delivery Partner,+91-6564932071,vijay.singh@hotmail.com,"No. 287, Hoodi 4th Temple Road, Hoodi, Bengaluru, Bengaluru Urban, Karnataka"
VICT289,Arjun,Mehta,Male,27,Principal,+91-7733505253,arjun.mehta@yahoo.com,"No. 125, Singasandra 3th Station Road, Singasandra, Bengaluru, Bengaluru Urban, Karnataka"
VICT290,Deepa,Mehta,Female,60,Artist,+91-9403658115,deepa.mehta@gmail.com,"No. 263, Savalanga Road 2th Junction Road, Savalanga Road, Shivamogga, Shivamogga, Karnataka"
VICT291,Vinay,Joshi,Male,33,Cobbler,+91-9832204870,vinay.joshi@outlook.com,"No. 231, Bendoorwell Main Road, Bendoorwell, Mangaluru, Dakshina Kannada, Karnataka"
VICT292,Vijay,Jadav,Male,57,Insurance Agent,+91-9671527400,vijay.jadav@gmail.com,"No. 396, Ulsoor Highway, Ulsoor, Bengaluru, Bengaluru Urban, Karnataka"
VICT293,Anil,Das,Male,43,Pharmacist,+91-9693869844,anil.das@yahoo.com,"No. 173, Gopalagowda Extension Galli, Gopalagowda Extension, Shivamogga, Shivamogga, Karnataka"
VICT294,Ramesh,Banerjee,Male,52,Travel Agent,+91-6222253995,ramesh.banerjee@outlook.com,"No. 99, Neelasandra Main Road, Neelasandra, Bengaluru, Bengaluru Urban, Karnataka"
VICT295,Renu,Reddy,Female,35,Content Writer,+91-9616786167,renu.reddy@outlook.com,"No. 409, Hebbal Kempapura Main Road, Hebbal Kempapura, Bengaluru, Bengaluru Urban, Karnataka"
VICT296,Babita,Yadav,Female,29,Carpenter,+91-8627816424,babita.yadav@outlook.com,"No. 236, Shastri Ward 1th Highway, Shastri Ward, Yadgir, Yadgir, Karnataka"
VICT297,Pooja,Das,Female,56,Advocate,+91-8135308249,pooja.das@outlook.com,"No. 291, Cowl Bazar Cross Road, Cowl Bazar, Ballari, Ballari, Karnataka"
VICT298,Deepa,Das,Female,21,Truck Driver,+91-9543113808,deepa.das2@outlook.com,"No. 281, Horamavu Ring Road, Horamavu, Bengaluru, Bengaluru Urban, Karnataka"
VICT299,Pooja,Singh,Female,77,Physiotherapist,+91-9285036242,pooja.singh1@outlook.com,"No. 182, Dam Road Bazaar Street, Dam Road, Hosapete, Vijayanagara, Karnataka"
VICT300,Vijay,Sharma,Male,53,Broker,+91-8719350156,vijay.sharma@outlook.com,"No. 64, SIT Extension 1th Lane, SIT Extension, Tumakuru, Tumakuru, Karnataka"
VICT301,Arjun,Reddy,Male,32,Journalist,+91-9689206488,arjun.reddy@hotmail.com,"No. 119, Horamavu Agara 2th Galli, Horamavu Agara, Bengaluru, Bengaluru Urban, Karnataka"
VICT302,Rajesh,Reddy,Male,63,Actor,+91-9188707264,rajesh.reddy@outlook.com,"No. 11, Kudlu Gate Club Road, Kudlu Gate, Bengaluru, Bengaluru Urban, Karnataka"
VICT303,Renu,Gill,Female,42,Actor,+91-7376637234,renu.gill@yahoo.com,"No. 119, Wilson Garden 5th Bypass Road, Wilson Garden, Bengaluru, Bengaluru Urban, Karnataka"
VICT304,Geeta,Jadav,Female,79,Student,+91-7607053044,geeta.jadav@hotmail.com,"No. 224, KR Puram Bypass Road, KR Puram, Bengaluru, Bengaluru Urban, Karnataka"
VICT305,Ritu,Patel,Female,35,Sweeper,+91-8418658893,ritu.patel@yahoo.com,"No. 363, Malleshwaram Highway, Malleshwaram, Bengaluru, Bengaluru Urban, Karnataka"
VICT306,Rajesh,Gill,Male,62,Secretary,+91-6252114814,rajesh.gill@yahoo.com,"No. 35, Ganesh Nagar Bidar Link Road, Ganesh Nagar Bidar, Bidar, Bidar, Karnataka"
VICT307,Rajesh,Gill,Male,21,Contractor,+91-7244109607,rajesh.gill13@gmail.com,"No. 274, Peenya Temple Road, Peenya, Bengaluru, Bengaluru Urban, Karnataka"
VICT308,Ajay,Prasad,Male,66,Gardener,+91-7192087505,ajay.prasad@gmail.com,"No. 70, Tilakwadi Bypass Road, Tilakwadi, Belagavi, Belagavi, Karnataka"
VICT309,Amit,Jadav,Male,27,Civil Engineer,+91-7885221126,amit.jadav1@gmail.com,"No. 194, Outer Ring Road Hebbal, Hebbal, Bengaluru, Bengaluru Urban, Karnataka"
VICT310,Aarav,Choudhury,Male,47,Call Center Executive,+91-9635459936,aarav.choudhury@hotmail.com,"No. 269, Subramanyapura Bypass Road, Subramanyapura, Bengaluru, Bengaluru Urban, Karnataka"
VICT311,Neha,Yadav,Female,72,Astrologer,+91-7825326433,neha.yadav@outlook.com,"No. 102, Kyathasandra Bazaar Street, Kyathasandra, Tumakuru, Tumakuru, Karnataka"
VICT312,Vikram,Reddy,Male,67,Washerman,+91-7457173199,vikram.reddy@outlook.com,"No. 205, Kyathasandra Bazaar Street, Kyathasandra, Tumakuru, Tumakuru, Karnataka"
VICT313,Preeti,Mishra,Female,74,Barber,+91-9192161339,preeti.mishra1@hotmail.com,"No. 307, Brigade Road, Brigade Road, Bengaluru, Bengaluru Urban, Karnataka"
VICT314,Ritu,Yadav,Female,53,Sculptor,+91-6984319191,ritu.yadav@outlook.com,"No. 13, Yelahanka New Town Road, Yelahanka, Bengaluru, Bengaluru Urban, Karnataka"
VICT315,Karan,Mishra,Male,19,Musician,+91-9363338587,karan.mishra@hotmail.com,"No. 19, Infactor Colony Junction Road, Infactor Colony, Ballari, Ballari, Karnataka"
VICT316,Vijay,Nair,Male,39,Gym Trainer,+91-9761716220,vijay.nair@gmail.com,"No. 100, Domlur Station Road, Domlur, Bengaluru, Bengaluru Urban, Karnataka"
VICT317,Babita,Mehta,Female,44,Government Servant,+91-9529008240,babita.mehta@hotmail.com,"No. 345, Lingarajapuram Station Road, Lingarajapuram, Bengaluru, Bengaluru Urban, Karnataka"
VICT318,Anita,Gupta,Female,60,Singer,+91-8698925883,anita.gupta@outlook.com,"No. 80, Kuvempunagar Hassan Highway, Kuvempunagar Hassan, Hassan, Hassan, Karnataka"
VICT319,Geeta,Patel,Female,32,Teacher,+91-9435474938,geeta.patel@gmail.com,"No. 285, Shivajinagar Station Road, Shivajinagar, Bengaluru, Bengaluru Urban, Karnataka"
VICT320,Arjun,Patel,Male,47,Government Servant,+91-6654352269,arjun.patel1@gmail.com,"No. 30, Madiwala Lane, Madiwala, Bengaluru, Bengaluru Urban, Karnataka"
VICT321,Sneha,Reddy,Female,27,Taxi Driver,+91-9933349932,sneha.reddy@hotmail.com,"No. 147, Arekere Link Road, Arekere, Bengaluru, Bengaluru Urban, Karnataka"
VICT322,Sandip,Joshi,Male,39,Delivery Partner,+91-8581071489,sandip.joshi@yahoo.com,"No. 2, JP Nagar Outer Ring Road, JP Nagar, Bengaluru, Bengaluru Urban, Karnataka"
VICT323,Neha,Verma,Female,26,Professor,+91-8696601309,neha.verma@gmail.com,"No. 315, Chinmaya Mission Hospital Road, Indiranagar, Bengaluru, Bengaluru Urban, Karnataka"
VICT324,Vikram,Joshi,Male,75,Vegetable Vendor,+91-9156582062,vikram.joshi32@gmail.com,"No. 311, Malpe Club Road, Malpe, Udupi, Udupi, Karnataka"
VICT325,Rahul,Verma,Male,43,Clerk,+91-7683527482,rahul.verma@outlook.com,"No. 108, Harlur Road 4th Ring Road, Harlur Road, Bengaluru, Bengaluru Urban, Karnataka"
VICT326,Ajay,Kumar,Male,63,Government Servant,+91-6051141076,ajay.kumar@yahoo.com,"No. 223, Siddaganga Extension Junction Road, Siddaganga Extension, Tumakuru, Tumakuru, Karnataka"
VICT327,Anita,Prasad,Female,64,Goldsmith,+91-8924011008,anita.prasad@outlook.com,"No. 96, Derebail Bazaar Street, Derebail, Mangaluru, Dakshina Kannada, Karnataka"
VICT328,Preeti,Nair,Female,68,Railway Conductor,+91-9139439560,preeti.nair@yahoo.com,"No. 213, Subramanyapura Bypass Road, Subramanyapura, Bengaluru, Bengaluru Urban, Karnataka"
VICT329,Ramesh,Banerjee,Male,27,Driver,+91-7269974767,ramesh.banerjee1@outlook.com,"No. 2, Nazarbad Bypass Road, Nazarbad, Mysuru, Mysuru, Karnataka"
VICT330,Ramesh,Yadav,Male,30,Mason,+91-7367558966,ramesh.yadav52@gmail.com,"No. 233, Chinmaya Mission Hospital Road, Indiranagar, Bengaluru, Bengaluru Urban, Karnataka"
VICT331,Sharda,Rao,Female,20,Dentist,+91-8059084485,sharda.rao@outlook.com,"No. 231, Jigani Main Road, Jigani, Bengaluru, Bengaluru Urban, Karnataka"
VICT332,Kavita,Verma,Female,70,Banker,+91-8302282000,kavita.verma@outlook.com,"No. 417, Keelu Kote Cross Road, Keelu Kote, Kolar, Kolar, Karnataka"
VICT333,Aaradhya,Yadav,Female,73,Washerman,+91-8764555789,aaradhya.yadav@hotmail.com,"No. 372, Ncb Colony 4th Station Road, Ncb Colony, Hosapete, Vijayanagara, Karnataka"
VICT334,Neha,Prasad,Female,59,Tailor,+91-6606901726,neha.prasad@outlook.com,"No. 83, Vidyanagar Hubli 4th Link Road, Vidyanagar Hubli, Hubballi, Dharwad, Karnataka"
VICT335,Deepa,Joshi,Female,41,Security Guard,+91-8355098802,deepa.joshi@outlook.com,"No. 59, Peenya Temple Road, Peenya, Bengaluru, Bengaluru Urban, Karnataka"
VICT336,Meena,Singh,Female,50,Data Entry Operator,+91-9546730185,meena.singh@outlook.com,"No. 318, Electronic City Flyover Road, Electronic City, Bengaluru, Bengaluru Urban, Karnataka"
VICT337,Rajesh,Joshi,Male,27,Clerk,+91-7561973337,rajesh.joshi@gmail.com,"No. 398, Cowl Bazar 4th Club Road, Cowl Bazar, Ballari, Ballari, Karnataka"
VICT338,Deepa,Joshi,Female,30,Fisherman,+91-9770926947,deepa.joshi1@hotmail.com,"No. 329, Kudlu Gate Club Road, Kudlu Gate, Bengaluru, Bengaluru Urban, Karnataka"
VICT339,Deepa,Verma,Female,20,Musician,+91-7039964898,deepa.verma@gmail.com,"No. 432, Domlur Station Road, Domlur, Bengaluru, Bengaluru Urban, Karnataka"
VICT340,Sandip,Yadav,Male,53,Nurse,+91-7455718762,sandip.yadav@hotmail.com,"No. 20, Richmond Town Bypass Road, Richmond Town, Bengaluru, Bengaluru Urban, Karnataka"
VICT341,Amit,Choudhury,Male,60,Business Owner,+91-8892899347,amit.choudhury62@gmail.com,"No. 14, Velankani Drive, Electronic City, Bengaluru, Bengaluru Urban, Karnataka"
VICT342,Meena,Joshi,Female,63,Shopkeeper,+91-7968302381,meena.joshi@yahoo.com,"No. 410, Subhash Nagar Nelamangala Church Road, Subhash Nagar Nelamangala, Nelamangala, Bengaluru Rural, Karnataka"
VICT343,Arjun,Verma,Male,35,Pilot,+91-6855625287,arjun.verma@gmail.com,"No. 450, Tavarekere Main Road, Tavarekere, Bengaluru, Bengaluru Urban, Karnataka"
VICT344,Sunita,Banerjee,Female,35,Electrician,+91-7095144352,sunita.banerjee@yahoo.com,"No. 172, Museum Road, Brigade Road, Bengaluru, Bengaluru Urban, Karnataka"
VICT345,Sanjay,Chawla,Male,62,Sales Executive,+91-6471786246,sanjay.chawla@outlook.com,"No. 407, Keerthi Nagar 4th Church Road, Keerthi Nagar, Vijayapura, Vijayapura, Karnataka"
VICT346,Ramesh,Prasad,Male,33,Mechanic,+91-9261534592,ramesh.prasad1@yahoo.com,"No. 362, Kadugodi 3th Junction Road, Kadugodi, Bengaluru, Bengaluru Urban, Karnataka"
VICT347,Kiran,Gill,Female,49,Software Engineer,+91-6412116161,kiran.gill@gmail.com,"No. 128, Gottigere 5th Galli, Gottigere, Bengaluru, Bengaluru Urban, Karnataka"
VICT348,Rajesh,Nair,Male,26,Mason,+91-8956780121,rajesh.nair@gmail.com,"No. 167, Kadri Highway, Kadri, Mangaluru, Dakshina Kannada, Karnataka"
VICT349,Sneha,Yadav,Female,61,Pharmacist,+91-9681316924,sneha.yadav@outlook.com,"No. 26, Vidyagiri 4th Station Road, Vidyagiri, Dharwad, Dharwad, Karnataka"
VICT350,Aaradhya,Reddy,Female,47,Delivery Partner,+91-6787521221,aaradhya.reddy@gmail.com,"No. 403, Jayanagar Shivamogga Bypass Road, Jayanagar Shivamogga, Shivamogga, Shivamogga, Karnataka"
VICT351,Vinay,Rao,Male,40,Principal,+91-7462431290,vinay.rao@yahoo.com,"No. 197, SIT Extension 1th Lane, SIT Extension, Tumakuru, Tumakuru, Karnataka"
VICT352,Harish,Yadav,Male,59,Homemaker,+91-6232085340,harish.yadav95@gmail.com,"No. 145, JP Nagar 8th Phase Cross Road, JP Nagar 8th Phase, Bengaluru, Bengaluru Urban, Karnataka"
VICT353,Anjali,Prasad,Female,72,Potter,+91-7690936550,anjali.prasad@yahoo.com,"No. 56, Kodigehalli Galli, Kodigehalli, Bengaluru, Bengaluru Urban, Karnataka"
VICT354,Jyoti,Das,Female,62,Architect,+91-7669533683,jyoti.das@outlook.com,"No. 242, Devaraja Mohalla Link Road, Devaraja Mohalla, Mysuru, Mysuru, Karnataka"
VICT355,Harish,Banerjee,Male,49,Banker,+91-9900514045,harish.banerjee@gmail.com,"No. 349, Kalyan Nagar Double Road, Kalyan Nagar, Bengaluru, Bengaluru Urban, Karnataka"
VICT356,Pooja,Patel,Female,65,Mason,+91-7300512542,pooja.patel@outlook.com,"No. 314, Bilekahalli Highway, Bilekahalli, Bengaluru, Bengaluru Urban, Karnataka"
VICT357,Rajesh,Das,Male,68,Blacksmith,+91-7065660882,rajesh.das@hotmail.com,"No. 52, Kuvempunagar Cross Road, Kuvempunagar, Mysuru, Mysuru, Karnataka"
VICT358,Karan,Chawla,Male,32,Contractor,+91-8069751795,karan.chawla@outlook.com,"No. 89, Ganganagar Station Road, Ganganagar, Bengaluru, Bengaluru Urban, Karnataka"
VICT359,Arjun,Verma,Male,64,Waiter,+91-7812046077,arjun.verma@outlook.com,"No. 428, Austin Town 5th Temple Road, Austin Town, Bengaluru, Bengaluru Urban, Karnataka"
VICT360,Pooja,Gupta,Female,71,Delivery Partner,+91-9310184010,pooja.gupta@hotmail.com,"No. 223, Horamavu Ring Road, Horamavu, Bengaluru, Bengaluru Urban, Karnataka"
VICT361,Sanjay,Das,Male,63,Travel Agent,+91-8819559467,sanjay.das@outlook.com,"No. 134, Silk Board Main Road, Silk Board, Bengaluru, Bengaluru Urban, Karnataka"
VICT362,Aarav,Mehta,Male,43,Professor,+91-9740571075,aarav.mehta@gmail.com,"No. 246, Ncb Colony Highway, Ncb Colony, Hosapete, Vijayanagara, Karnataka"
VICT363,Babita,Kumar,Female,21,Travel Agent,+91-7521956825,babita.kumar@outlook.com,"No. 276, Chidri Lane, Chidri, Bidar, Bidar, Karnataka"
VICT364,Rohan,Das,Male,39,Secretary,+91-7804817601,rohan.das@hotmail.com,"No. 217, MG Road, MG Road, Bengaluru, Bengaluru Urban, Karnataka"
VICT365,Sunil,Rao,Male,28,Physiotherapist,+91-8930006080,sunil.rao@outlook.com,"No. 388, Lingarajapuram Station Road, Lingarajapuram, Bengaluru, Bengaluru Urban, Karnataka"
VICT366,Rajesh,Mehta,Male,48,Security Guard,+91-9753776793,rajesh.mehta41@gmail.com,"No. 331, Gandhinagar Ballari 5th Link Road, Gandhinagar Ballari, Ballari, Ballari, Karnataka"
VICT367,Kavita,Das,Female,28,Chartered Accountant,+91-7654490175,kavita.das@gmail.com,"No. 195, Madiwala Lane, Madiwala, Bengaluru, Bengaluru Urban, Karnataka"
VICT368,Priya,Yadav,Female,45,Dancer,+91-6006836072,priya.yadav44@gmail.com,"No. 194, Udyambag Main Road, Udyambag, Belagavi, Belagavi, Karnataka"
VICT369,Arjun,Reddy,Male,27,Architect,+91-7930315750,arjun.reddy1@hotmail.com,"No. 209, BTM Layout 80 Feet Road, BTM Layout, Bengaluru, Bengaluru Urban, Karnataka"
VICT370,Arjun,Reddy,Male,56,Potter,+91-9670669910,arjun.reddy30@gmail.com,"No. 63, JP Nagar 24th Main Road, JP Nagar, Bengaluru, Bengaluru Urban, Karnataka"
VICT371,Kiran,Yadav,Female,25,Manager,+91-6279654821,kiran.yadav1@yahoo.com,"No. 332, KR Puram Hassan Club Road, KR Puram Hassan, Hassan, Hassan, Karnataka"
VICT372,Deepak,Das,Male,33,Government Servant,+91-6146756632,deepak.das@gmail.com,"No. 215, JP Nagar 8th Phase 1th Double Road, JP Nagar 8th Phase, Bengaluru, Bengaluru Urban, Karnataka"
VICT373,Anil,Yadav,Male,45,Mason,+91-6370882933,anil.yadav@outlook.com,"No. 444, Wilson Garden 5th Bypass Road, Wilson Garden, Bengaluru, Bengaluru Urban, Karnataka"
VICT374,Sanjay,Nair,Male,68,Banker,+91-8362990034,sanjay.nair@outlook.com,"No. 263, Wilson Garden 5th Bypass Road, Wilson Garden, Bengaluru, Bengaluru Urban, Karnataka"
VICT375,Arjun,Singh,Male,41,Journalist,+91-7827166632,arjun.singh@gmail.com,"No. 123, Shanti Nagar Highway, Shanti Nagar, Bengaluru, Bengaluru Urban, Karnataka"
VICT376,Vikram,Mehta,Male,80,Peon,+91-7823732110,vikram.mehta@hotmail.com,"No. 239, Kuvempunagar Hassan Highway, Kuvempunagar Hassan, Hassan, Hassan, Karnataka"
VICT377,Harish,Verma,Male,56,Tailor,+91-7561243288,harish.verma@gmail.com,"No. 385, Banashankari Junction Road, Banashankari, Bengaluru, Bengaluru Urban, Karnataka"
VICT378,Meena,Nair,Female,24,Dancer,+91-9775092085,meena.nair1@outlook.com,"No. 58, Vidyanagar Hubli 4th Link Road, Vidyanagar Hubli, Hubballi, Dharwad, Karnataka"
VICT379,Sandip,Yadav,Male,77,Doctor,+91-7636478599,sandip.yadav@gmail.com,"No. 201, Horamavu Agara 2th Galli, Horamavu Agara, Bengaluru, Bengaluru Urban, Karnataka"
VICT380,Geeta,Mishra,Female,26,Mechanic,+91-6301572523,geeta.mishra@hotmail.com,"No. 430, Gokulam 2th Temple Road, Gokulam, Mysuru, Mysuru, Karnataka"
